Event,Date,Status,Tickets Sold,Tickets Available
Out in Tech Madrid | Monthly Mixer,Repeating Event,Live,0,200
Out in Tech Houston | Monthly Mixer,Repeating Event,Live,0,150
"Out in Tech Seattle | Monthly Women, Transgender, &amp; Nonbinary Happy Hour",Repeating Event,Live,0,100
Out in Tech London | Monthly Mixer,Repeating Event,Live,0,200
Out in Tech Amsterdam | Third Thursdays,Repeating Event,Live,0,40
Out in Tech Bay Area | South Bay | Bi-Monthly Mixer @ Joe &amp; the Juice,Repeating Event,Live,0,75
Out in Tech Denver | April Mixer,"Tuesday, April 30, 2024 6:00 PM",Live,74,26
Out in Tech NY | Innovation &amp; Inclusion: Learnings from LGBTQ+ Founders,"Thursday, May 2, 2024 6:30 PM",Live,120,0
OIT Banglore Virtual Meetup,"Thursday, May 2, 2024 8:00 PM",Live,4,246
Out in Tech Columbus | Meet Us At The Kee,"Friday, May 3, 2024 6:00 PM",Live,27,33
Out in Tech LA | Career Progression for LGBTQ+ Professionals,"Wednesday, May 8, 2024 6:00 PM",Live,114,136
Out in Tech Philly | Diversitech/Tech Week Mixer @ Tmoms,"Friday, May 10, 2024 6:00 PM",Live,115,85
Out in Tech SF Bay Area | East Bay Park Social,"Saturday, May 11, 2024 1:00 PM",Live,30,70
Out in Tech SF Bay Area | Spring-Zing Happy Hour @ The Lookout,"Monday, May 13, 2024 5:00 PM",Live,207,93
Author Talk: Hijab Butch Blues with Lamya H,"Tuesday, May 14, 2024 8:00 PM",Live,69,181
OIT Detroit | Resume WERKshop with Resume Rescue,"Wednesday, May 29, 2024 6:00 PM",Live,12,28
Out In Tech NY  Women &amp; TGX Series:  NY Liberty's Basketball Game,"Friday, May 31, 2024 6:30 PM",Live,14,11
Out in Tech | Pride: All Together Now,"Wednesday, June 5, 2024 5:00 PM",Live,68,2612
Out in Tech Boston x Stonewall Sports| Pride Cruise,"Sunday, June 23, 2024 10:00 AM",Live,38,42
Out in Tech Leadership Institute,"Thursday, September 12, 2024 6:00 PM",Live,106,624
Upstart LGBTQ+ ERG Holiday Virtual Mixer,"Thursday, December 8, 2022 3:00 PM",Draft,0,500
Out in Tech | Black Mental Health - Book Discussion (6 Week Event),"Wednesday, January 4, 2023 7:00 PM",Draft,0,500
Out In Tech Comes to Durham!,"Wednesday, February 22, 2023 6:00 PM",Draft,0,0
UX Night | Mindfulness as a QTBIPOC Creative,"Tuesday, May 9, 2023 7:00 PM",Draft,0,0
Out In Tech | Columbus presents Pride Watch Party hosted by Upstart,"Thursday, June 1, 2023 4:00 PM",Draft,0,2000
Out in Tech Chicago X Milliman| Pride Parade,"Sunday, June 25, 2023 11:00 AM",Draft,0,75
Out in Tech | Summer #GetThatGig,"Wednesday, July 12, 2023 8:00 PM",Draft,0,125
"OIT Boston: We're Here, Tech's Queer! LGBTQ+ Stories in Boston's Tech World","Wednesday, October 18, 2023 6:30 PM",Draft,0,200
OIT Cleveland Kids Book Bank SOrt,"Saturday, October 28, 2023 1:00 PM",Draft,0,0
Fake event,"Wednesday, November 1, 2023 7:00 PM",Draft,0,200
TEST,"Sunday, November 5, 2023 7:00 PM",Draft,0,0
Out in Tech Chicago | Fall Social,"Tuesday, November 14, 2023 6:00 PM",Draft,0,250
Out in Tech Madrid | Adyen Open House,Repeating Event,Draft,0,25
Out in Tech Amsterdam | Third Thursdays,Repeating Event,Draft,0,25
Out in Tech London | LGBTQ+ History Month Mixer,"Thursday, February 8, 2024 6:00 PM",Draft,0,250
OIT Boston | Trans Name Change Clinic,"Wednesday, March 27, 2024 6:00 PM",Draft,0,300
Out in Tech PDX | April Mixer,"Wednesday, April 3, 2024 6:00 PM",Draft,0,0
Out in Tech Denver | May Mixer,"Tuesday, May 28, 2024 6:00 PM",Draft,0,200
[TEMPLATE - DO NOT DELETE] DUPLICATE ORDER FORM WHEN CREATING NEW EVENT,"Saturday, June 1, 2024 7:00 PM",Draft,0,25
Q2 Qorporate Roundtable,"Wednesday, June 26, 2024 12:00 PM",Draft,0,300
Q3 Qorporate Roundtable,"Wednesday, September 25, 2024 12:00 PM",Draft,0,300
Out in Tech | Queering the Future 3.0,"Wednesday, November 20, 2024 7:00 PM",Draft,0,0
Q4 Qorporate Roundtable,"Wednesday, December 4, 2024 12:00 PM",Draft,0,300
Test invite-only event,"Wednesday, May 7, 2014 7:00 PM",Past,1,149
Out in Tech Social Mixer Pride 2014,"Tuesday, June 17, 2014 6:30 PM",Past,819,1181
Out in Tech @ Tumblr HQ,"Wednesday, September 17, 2014 6:30 PM",Past,160,-20
Out in Tech presents 'Building For Diversity' a conversation with Facebook,"Tuesday, November 18, 2014 6:00 PM",Past,229,-39
Out in Tech's January Social,"Wednesday, January 21, 2015 7:00 PM",Past,1030,170
"Join Out in Tech for ""Innovation in Dating, Tech Shaping the Way We Love""","Tuesday, February 24, 2015 6:30 PM",Past,563,412
"Join Out in Tech and Lesbians who Tech Speaker Series ""How Tech Companies Are Shaping Policy""","Tuesday, March 31, 2015 6:30 PM",Past,305,395
Out in Tech's April Social,"Tuesday, April 14, 2015 6:30 PM",Past,1021,379
Out in Tech's May Social,"Tuesday, May 26, 2015 6:30 PM",Past,1176,224
Out in Tech's Pride Panel: Driving Political Action with Digital,"Thursday, June 25, 2015 6:30 PM",Past,553,197
Out in Tech San Francisco Kick-off & Social Mixer,"Wednesday, August 12, 2015 6:00 PM",Past,876,249
Out in Tech's First Brooklyn Social,"Tuesday, August 25, 2015 6:30 PM",Past,448,-123
Out in Tech's First New York Demos & Drinks Event,"Thursday, September 10, 2015 6:30 PM",Past,419,-19
"Out in Tech New York | Fireside Chat with Ron Johnson, Founder of Enjoy","Monday, September 28, 2015 6:30 PM",Past,326,-1
Out in Tech New York | October Social,"Tuesday, October 6, 2015 6:30 PM",Past,959,441
Out in Tech New York | The Future of Digital Payments,"Wednesday, November 18, 2015 6:30 PM",Past,600,-10
Out in Tech San Francisco | Holiday Mixer,"Friday, December 11, 2015 6:00 PM",Past,1029,-9
Out in Tech New York | Holiday Party,"Thursday, December 17, 2015 6:30 PM",Past,1123,177
Out in Tech New York | March Social,"Tuesday, March 15, 2016 6:30 PM",Past,1335,65
Out in Tech Los Angeles | Kickoff Event,"Saturday, April 2, 2016 4:00 PM",Past,402,598
Out in Tech New York | The Future of Fitness Tech,"Wednesday, April 20, 2016 6:30 PM",Past,423,-13
Out in Tech New York | #NetWerking @LinkedIn,"Wednesday, May 25, 2016 6:30 PM",Past,262,-12
Out in Tech Los Angeles | Tech in LA Panel and Mixer,"Thursday, June 16, 2016 6:30 PM",Past,198,2
Out in Tech New York | Summer Social,"Tuesday, July 12, 2016 6:00 PM",Past,1380,20
Out in Tech Los Angeles | Summer Social,"Saturday, August 27, 2016 4:00 PM",Past,347,653
Out in Tech Digital Corps | Launch Party,"Saturday, September 10, 2016 4:30 PM",Past,222,8
Out in Tech New York | Rethinking Retail,"Thursday, September 15, 2016 6:30 PM",Past,504,46
Out in Tech LA's Fall Recruiting Mixer,"Thursday, October 13, 2016 6:00 PM",Past,255,495
Out in Tech New York | Does My Music Like Me Back?,"Wednesday, October 19, 2016 6:00 PM",Past,470,-20
Out in Tech San Francisco | IRL: The Power of Appyness,"Monday, October 24, 2016 6:30 PM",Past,390,10
Out in Tech New York | Fall Social,"Wednesday, November 2, 2016 6:00 PM",Past,1173,27
Out in Tech Talks,"Friday, November 18, 2016 6:00 PM",Past,532,153
Out in Tech Talks x INSCAPE,"Sunday, November 20, 2016 10:15 AM",Past,49,0
LGBT in Tech Holiday Party,"Saturday, December 3, 2016 2:00 PM",Past,510,250
 Out in Tech New York | 2017 Welcome Back Social,"Wednesday, January 11, 2017 6:30 PM",Past,967,33
Out in Tech New York | Money Talks:  Financing Your Startup,"Thursday, January 26, 2017 6:00 PM",Past,298,2
Out in Tech New York | We're Tech-nically Dating,"Tuesday, February 14, 2017 6:30 PM",Past,409,16
 Out in Tech Boston | 2017 Kickoff Social,"Wednesday, February 15, 2017 6:00 PM",Past,114,886
Out in Tech New York | Demos + Drinks,"Tuesday, February 28, 2017 6:30 PM",Past,108,42
Out in Tech LA & The Williams Institute Present: Social Media & Politics,"Thursday, March 23, 2017 6:00 PM",Past,114,36
Out in Tech New York | Women's History Month Coffee Chat,"Sunday, March 26, 2017 12:00 PM",Past,40,25
Out in Tech Los Angeles 1 Year Anniversary Party!,"Saturday, April 8, 2017 4:00 PM",Past,293,107
Out in Tech Boston | Building Careers and Cultures ,"Wednesday, April 19, 2017 5:30 PM",Past,129,1
Out in Tech New York | The Dr Will Txt U Now,"Thursday, April 27, 2017 6:30 PM",Past,414,7
Out in Tech New York | Spring Social,"Thursday, May 11, 2017 6:00 PM",Past,1006,-6
Out in Tech LA x Snap Inc | Pride Month Kickoff,"Thursday, June 1, 2017 6:00 PM",Past,90,10
Out in Tech Digital Corps | USA Edition,"Saturday, June 10, 2017 5:00 PM",Past,117,23
Out in Tech New York | Making Pride @ Etsy,"Monday, June 19, 2017 6:30 PM",Past,233,-34
Out in Tech New York | Making Pride @ Microsoft,"Thursday, June 22, 2017 6:00 PM",Past,162,-10
Out in Tech London Launch Event | Panel Discussion,"Thursday, August 3, 2017 6:30 PM",Past,261,4
Out in Tech New York | Summer Social,"Tuesday, August 29, 2017 6:30 PM",Past,1046,-46
Out in Tech | Digital Corps After-Party,"Saturday, September 23, 2017 5:00 PM",Past,299,116
Out in Tech | Working #OutHere,"Thursday, October 5, 2017 6:00 PM",Past,366,-1
Out in Tech New York | Demos + Drinks at Datadog,"Tuesday, October 17, 2017 6:30 PM",Past,131,19
Out in Tech Boston | Nertwerqing with Datadog,"Wednesday, October 18, 2017 6:00 PM",Past,67,33
Out in Tech + Airbnb | So You Want To Work In Tech?,"Wednesday, October 18, 2017 7:30 PM",Past,90,10
Out in Tech SF | Are You Game? ,"Tuesday, October 24, 2017 6:15 PM",Past,391,9
Out in Tech LA | Talk Data to Me,"Wednesday, October 25, 2017 6:30 PM",Past,239,261
Out in Tech SF | Fall Social,"Wednesday, November 15, 2017 6:00 PM",Past,1149,-49
Out in Tech New York | From Click to Table,"Wednesday, November 15, 2017 6:30 PM",Past,424,1
Out in Tech New York | Fall Social,"Wednesday, November 29, 2017 6:30 PM",Past,1000,0
Out in Tech SF | Digital Corps Reception,"Monday, December 4, 2017 6:30 PM",Past,336,149
"Out in Tech LA | Lights, Camera, Click!","Wednesday, December 6, 2017 6:00 PM",Past,359,391
Out in Tech x Human Rights Campaign Webinar,"Wednesday, December 13, 2017 10:00 AM",Past,13,17
Out in Tech x Human Rights Campaign Webinar // 2,"Thursday, December 14, 2017 8:00 AM",Past,2,28
Out in Tech Portland January Social,"Monday, January 8, 2018 6:00 PM",Past,44,56
"Hey There, 2018! (Out in Tech, StartOut, Lesbians Who Tech)","Saturday, January 13, 2018 2:00 PM",Past,516,1484
Out in Tech London - Being Your Best Self(ie) ,"Thursday, January 18, 2018 6:30 PM",Past,189,22
Out in Tech Social @ Cubbyhole,"Monday, January 22, 2018 6:00 PM",Past,197,3
Out in Tech Portland February Social,"Tuesday, February 6, 2018 6:00 PM",Past,55,45
Out in Tech New York | Extending Reality,"Tuesday, February 13, 2018 6:30 PM",Past,369,-14
Out in Tech London | Demos & Drinks @ Microsoft,"Wednesday, February 14, 2018 6:30 PM",Past,196,125
Out in Tech Chicago | Kickoff Social Mixer,"Tuesday, February 20, 2018 6:30 PM",Past,184,15
Out in Tech New York | Winter Social,"Wednesday, February 21, 2018 6:30 PM",Past,1162,138
"Out in Tech LA | Lights, Camera, Click (TAKE TWO!)","Tuesday, February 27, 2018 6:00 PM",Past,659,-2
Out in Tech London - Tea & Tech,"Wednesday, February 28, 2018 6:30 PM",Past,83,-3
Out In Tech Portland March Social,"Tuesday, March 6, 2018 6:00 PM",Past,52,48
Out in Tech New York | Demos + Drinks,"Tuesday, March 6, 2018 6:30 PM",Past,113,47
Out in Tech SF | Know Your History ,"Friday, March 9, 2018 6:00 PM",Past,363,29
Out in Tech NY | Queer Entrepreneurship @ Flatiron School,"Tuesday, March 13, 2018 6:30 PM",Past,65,135
Out in Tech SF | (Coffee) Brewing + Bytes,"Wednesday, March 14, 2018 6:30 PM",Past,85,5
Out in Tech London - Let's Get Social @ Chappy,"Thursday, March 15, 2018 6:30 PM",Past,197,3
Out in Tech Talks 2018,"Saturday, March 24, 2018 8:30 AM",Past,436,649
Out in Tech DC Kickoff Panel,"Tuesday, March 27, 2018 6:00 PM",Past,215,135
Out in Tech Portland April Social,"Tuesday, April 3, 2018 6:00 PM",Past,50,50
Out in Tech NY | Digital Corps at PayPal,"Monday, April 16, 2018 6:30 PM",Past,291,64
Out in Tech London | Social at Flatiron School,"Wednesday, April 18, 2018 6:30 PM",Past,167,73
Out in Tech SF | Extending Reality,"Wednesday, April 25, 2018 6:00 PM",Past,288,12
Out in Tech Portland // May Social,"Tuesday, May 1, 2018 6:00 PM",Past,36,64
Out in Tech London | Panel Discussion - The Kids R Alright ,"Wednesday, May 2, 2018 6:30 PM",Past,146,54
Out in Tech New York | Spring Social,"Wednesday, May 2, 2018 6:30 PM",Past,997,353
"Out in Tech Austin | ""Beta"" Launch Social","Tuesday, May 8, 2018 6:00 PM",Past,182,58
Tiny Shoulders: Rethinking Barbie,"Wednesday, May 9, 2018 6:00 PM",Past,99,1
Out in Tech Portland // From URL to IRL // A Community Building Panel + Social,"Thursday, May 10, 2018 6:30 PM",Past,71,29
Out in Tech London x Snap Inc.,"Thursday, May 17, 2018 6:30 PM",Past,136,4
Out in Tech New York | Leveling Up: Gaming for Progress,"Wednesday, May 23, 2018 6:30 PM",Past,326,39
Out in Tech NY | Social at Stonewall Inn,"Wednesday, May 30, 2018 6:00 PM",Past,220,130
Out in Tech Boston | Social at Yesware,"Thursday, May 31, 2018 6:00 PM",Past,101,74
Out in Tech Portland // June Social,"Tuesday, June 5, 2018 6:00 PM",Past,21,79
Out in Tech DC | June Social,"Wednesday, June 6, 2018 6:00 PM",Past,119,81
"Out in Tech London: Diversity + Tech, with Lesbians Who Tech","Wednesday, June 6, 2018 6:30 PM",Past,362,73
Out in Tech New York | Locating Community,"Wednesday, June 6, 2018 6:30 PM",Past,619,71
Out in Tech SF | Summer Social - Pride Kick Off Party,"Sunday, June 17, 2018 2:00 PM",Past,1541,909
Out in Tech Boston | Working #OutHere,"Tuesday, June 26, 2018 6:00 PM",Past,167,413
"Out in Tech Austin: Health, Wellness, & Fitness Panel","Wednesday, June 27, 2018 6:00 PM",Past,179,61
Out in Tech London's Pre-Pride Party with Special Guests,"Tuesday, July 3, 2018 6:00 PM",Past,151,-1
Out in Tech Portland // July Social,"Tuesday, July 10, 2018 5:30 PM",Past,41,59
Out in Tech LA | Summer Social at Akbar,"Thursday, August 2, 2018 6:00 PM",Past,489,11
Out in Tech Portland // August Social,"Tuesday, August 7, 2018 6:00 PM",Past,46,54
Out in Tech DC | August Social,"Wednesday, August 8, 2018 6:00 PM",Past,97,143
Out in Tech Chicago | Summer Social at Elixir,"Thursday, August 16, 2018 6:00 PM",Past,124,15
Out in Tech New York | Summer Social,"Wednesday, August 22, 2018 6:30 PM",Past,1278,143
It's Our One Year Anniversary Summer Social,"Thursday, August 23, 2018 6:30 PM",Past,205,95
Out in Tech ATX: Leveling Up – Pride in Gaming,"Monday, August 27, 2018 6:30 PM",Past,102,138
Out in Tech LA | Demos & Drinks @ BCG Gamma,"Wednesday, August 29, 2018 6:00 PM",Past,240,40
Out in Tech New York | QTPOC Rooftop Social,"Wednesday, August 29, 2018 6:30 PM",Past,273,94
Out In Tech Portland // Monthly Social,Repeating Event,Past,0,100
Out in Tech SF | End of Fogust Social,"Wednesday, September 5, 2018 6:00 PM",Past,967,433
Out in Tech New York | Demos + Drinks,"Wednesday, September 12, 2018 6:30 PM",Past,133,167
Out in Tech Chicago | Travel Tech ,"Thursday, September 20, 2018 6:30 PM",Past,169,76
Out in Tech Digital Corps | Rooftop Party,"Tuesday, September 25, 2018 6:00 PM",Past,541,129
Out in Tech DC | Fall Social,"Wednesday, September 26, 2018 6:00 PM",Past,87,513
Out in Tech Portland // October Social,"Tuesday, October 2, 2018 6:00 PM",Past,59,41
Out in Tech SF | Womxn to the front: an evening with queer leaders in vc,"Thursday, October 11, 2018 6:00 PM",Past,271,99
Out in Tech New York | Thriving! Is HealthTech the Cure?,"Thursday, October 11, 2018 6:00 PM",Past,633,187
Out in Tech PDX | Sharing is Queering: Sharing economy & LGBTQ+ community,"Thursday, October 11, 2018 6:00 PM",Past,77,23
"Out in Tech NYC | Trans, GNC, Nonbinary, and Genderqueer Ventures @Slack","Tuesday, October 16, 2018 6:30 PM",Past,85,215
Out in Tech SF | Demos & Drinks,"Thursday, October 18, 2018 6:00 PM",Past,59,81
Out in Tech DC | Happy Hour at Nellie's! ,"Wednesday, October 24, 2018 6:00 PM",Past,129,96
Out in Tech London | Demos + Drinks at Microsoft Reactor,"Thursday, October 25, 2018 6:00 PM",Past,230,220
Out in Tech LA | Ethically Automated,"Thursday, October 25, 2018 6:00 PM",Past,208,182
Journey of an Entrepreneur: A Woman's Perspective,"Tuesday, October 30, 2018 6:30 PM",Past,39,41
"Out in Tech DC | Trans, GNC, Nonbinary, and Genderqueer Ventures at Google","Thursday, November 1, 2018 6:30 PM",Past,120,135
Out in Tech PDX | November Social,"Tuesday, November 6, 2018 6:00 PM",Past,63,37
Out in Tech New York | Fall Social,"Wednesday, November 7, 2018 6:30 PM",Past,706,694
Out in Tech ATX | Demos & Drinks,"Thursday, November 8, 2018 6:00 PM",Past,67,258
Out in Tech CHI | proTECHct yourself,"Wednesday, November 14, 2018 6:00 PM",Past,132,258
An Evening with Out in Tech,"Wednesday, November 14, 2018 7:00 PM",Past,139,11
Out in Tech Boston | School's Out: EdTech & Marginalized Communities,"Thursday, November 15, 2018 6:00 PM",Past,79,296
OIT LDN | Levelling Up: Pride in Gaming,"Wednesday, November 21, 2018 6:00 PM",Past,195,255
Out in Tech CHI | Fall Social @ Sidetrack,"Thursday, November 29, 2018 6:00 PM",Past,86,914
Out in Tech PDX | December Social,"Tuesday, December 4, 2018 6:00 PM",Past,80,20
Out in Tech NY | (Block)chain Reaction,"Wednesday, December 5, 2018 6:00 PM",Past,363,22
Out in Tech LA | Holiday Social @ Akbar,"Sunday, December 9, 2018 4:00 PM",Past,170,1230
Out in Tech PDX | Working #OutHere,"Wednesday, December 12, 2018 6:00 PM",Past,86,114
Out in Tech SF | Holiday Social @ El Rio,"Sunday, December 16, 2018 4:00 PM",Past,905,495
Out in Tech NY | The Trek to Tech,"Wednesday, January 16, 2019 6:00 PM",Past,400,52
Out in Tech PDX | January Social,"Monday, January 21, 2019 6:00 PM",Past,97,3
Out in Tech DC | Ethics of AI,"Wednesday, January 23, 2019 6:30 PM",Past,262,68
Out in Tech PDX | Demos and Drinks,"Wednesday, January 30, 2019 6:00 PM",Past,132,168
Out in Tech New York | Winter Social,"Wednesday, January 30, 2019 6:30 PM",Past,1187,213
Out in Tech London | Winter Social,"Thursday, January 31, 2019 7:00 PM",Past,185,1215
Out in Tech PDX | February Social,"Tuesday, February 5, 2019 6:00 PM",Past,58,42
Out in Tech BOS | Building Community,"Wednesday, February 6, 2019 6:30 PM",Past,174,221
Out in Tech LA | Bliss Out,"Thursday, February 7, 2019 6:00 PM",Past,258,72
Out in Tech CHI | You Betta Werk!,"Tuesday, February 12, 2019 6:00 PM",Past,133,167
Out in Tech NY | Tech-nically Dating,"Wednesday, February 13, 2019 6:30 PM",Past,436,46
Out in Tech U | The Phluid Project,"Wednesday, February 20, 2019 6:00 PM",Past,50,145
Out in Tech LDN | Coming Out Over the Years,"Thursday, February 21, 2019 7:00 PM",Past,257,78
Out in Tech ATX | Working #OutHere,"Tuesday, February 26, 2019 6:15 PM",Past,210,105
Out in Tech SF | Money Talks: Unlocking Financial Inclusion with FinTech ,"Wednesday, February 27, 2019 6:00 PM",Past,273,72
Out in Tech New York | Demos & Drinks at Justworks,"Thursday, March 7, 2019 6:30 PM",Past,264,26
Out in Tech PDX | March Social,"Monday, March 11, 2019 6:00 PM",Past,66,34
Out in Tech Chicago | Health is Community Wealth,"Thursday, March 14, 2019 6:30 PM",Past,81,314
Out in Tech SF | March Mingle @ Jolene's ,"Saturday, March 16, 2019 5:00 PM",Past,191,0
Out in Tech New York | Digital Corps Celebration,"Tuesday, March 26, 2019 6:30 PM",Past,130,210
Out in Tech SF | March Social @ Oasis,"Wednesday, March 27, 2019 6:00 PM",Past,841,1269
Out in Tech DC | One Year Anniversary!,"Wednesday, March 27, 2019 6:30 PM",Past,202,273
Out in Tech PDX | April Social,"Tuesday, April 2, 2019 6:00 PM",Past,97,3
Out in Tech | Leadership Training Institute 2019,"Friday, April 5, 2019 9:00 AM",Past,68,82
Out in Tech New York | Tuning in: Inclusivity in (digital) Media ,"Wednesday, April 10, 2019 6:30 PM",Past,219,17
Out in Tech LA | 3 Year Anniversary,"Saturday, April 13, 2019 8:00 PM",Past,240,365
Out in Tech U | Mentorship Field Trip @ Spotify ,"Thursday, April 18, 2019 6:00 PM",Past,66,124
Out in Tech PDX | Healthcare in the community: Does who we are affect how we are?,"Monday, April 22, 2019 5:30 PM",Past,89,111
Out in Tech ATX | Spring Social at Native,"Tuesday, April 23, 2019 6:00 PM",Past,181,74
Out in Tech BOS | Spring Social at Club Cafe,"Wednesday, April 24, 2019 6:00 PM",Past,212,283
Out in Tech SF | Tech-nically Dating,"Thursday, May 2, 2019 6:00 PM",Past,186,39
Out in Tech U | Mentorship Trip to Snapchat!,"Thursday, May 2, 2019 6:00 PM",Past,43,172
Out in Tech ATX: Meet Flatiron School (Info Session),"Tuesday, May 7, 2019 5:30 PM",Past,6,54
Out in Tech PDX | May Social,"Tuesday, May 7, 2019 6:00 PM",Past,67,33
Out in Tech DC | TGNC and Queer Womxn Social,"Wednesday, May 8, 2019 6:30 PM",Past,82,143
Out in Tech CHI | Healthcare Tech Through an LGBTQ+ Lens,"Thursday, May 9, 2019 6:00 PM",Past,95,300
Out in Tech LA | Tech-nically Dating,"Thursday, May 9, 2019 6:30 PM",Past,131,4
Out in Tech New York | (M)ad About You: Adtech & the LGBTQ+ community,"Wednesday, May 15, 2019 6:00 PM",Past,531,61
Out in Tech SF | Breaking into Tech,"Tuesday, May 21, 2019 6:00 PM",Past,150,95
Out in Tech BOS | What's Your Story? ,"Wednesday, May 22, 2019 6:30 PM",Past,164,306
Out in Tech LDN  | How to Build a Movement at Snapchat,"Thursday, May 23, 2019 6:30 PM",Past,198,42
Out in Tech PDX | Demos and Drinks May 2019,"Wednesday, May 29, 2019 6:00 PM",Past,99,201
Out in Tech Seattle | Launch Event at Flatiron School!,"Wednesday, May 29, 2019 6:30 PM",Past,280,160
Out in Tech Digital Corps | Happy Hour at Verizon Media Group,"Saturday, June 1, 2019 5:30 PM",Past,74,76
Out in Tech ATX | AR Celebrating Stonewall Forever at Google,"Tuesday, June 4, 2019 5:30 PM",Past,268,-18
Out in Tech PDX | June Social,"Tuesday, June 4, 2019 6:00 PM",Past,44,56
Out in Tech LA | Snap Inc. Pride Mixer,"Thursday, June 6, 2019 6:00 PM",Past,646,94
Out in Tech SF | Fighting Youth Homelessness in the Bay Area,"Thursday, June 6, 2019 6:00 PM",Past,137,348
Out in Tech NY | Womxn & TGNC Social at Ginger's,"Tuesday, June 11, 2019 6:30 PM",Past,205,95
Out in Tech PDX | Pride Kickoff 2019,"Wednesday, June 12, 2019 6:00 PM",Past,270,94
Out in Tech NY | QTPOC Pride at HUGE,"Wednesday, June 12, 2019 6:00 PM",Past,404,51
Out in Tech SF | TGNC Social at Blend,"Wednesday, June 12, 2019 6:00 PM",Past,102,48
Out in Tech DC | The Trek to Tech,"Wednesday, June 12, 2019 6:30 PM",Past,150,25
Out in Tech U | Pride Panel at Twitter,"Tuesday, June 18, 2019 6:00 PM",Past,169,131
Out in Tech London | Speaking Our Language at Allison + Partners,"Wednesday, June 19, 2019 6:00 PM",Past,150,27
Out in Tech Miami | Launch Event ,"Thursday, June 20, 2019 6:00 PM",Past,154,161
Out in Tech SF | How to be a Good Ally at Twitter HQ,"Thursday, June 20, 2019 6:00 PM",Past,423,157
Out in Tech Bengaluru | Launch Event ,"Saturday, June 29, 2019 12:00 PM",Past,158,117
Out in Tech PDX | July Social,"Tuesday, July 2, 2019 5:30 PM",Past,171,29
Out in Tech Chicago | Steppenwolf Social & Ms. Blakk For President  ,"Thursday, July 11, 2019 5:30 PM",Past,47,28
Out in Tech Boston | Spare Some Change? ,"Thursday, July 11, 2019 6:00 PM",Past,146,29
Out in Tech London | Spare Some Change? ,"Thursday, July 11, 2019 6:30 PM",Past,144,31
Out in Tech Seattle | Summer Social at Optimism Brewing,"Wednesday, July 17, 2019 6:00 PM",Past,244,71
Out in Tech LA | Summer Social at Soylent Innovation Lab,"Thursday, July 18, 2019 5:30 PM",Past,221,14
Out in Tech London | Women & Nonbinary Series Launch,"Wednesday, July 24, 2019 6:00 PM",Past,85,90
Out in Tech DC | Summer Fun Happy Hour,"Wednesday, July 31, 2019 6:30 PM",Past,102,73
Out in Tech PDX | August Social,"Tuesday, August 6, 2019 5:30 PM",Past,231,69
Out in Tech LA | Breaking into Tech,"Monday, August 12, 2019 7:00 PM",Past,214,31
Out in Tech Miami | What's Your Brand?,"Tuesday, August 13, 2019 6:00 PM",Past,80,20
Out in Tech London | Pass the Controller: Queering the Games and Tech We Create,"Wednesday, August 14, 2019 6:30 PM",Past,190,185
Out in Tech Boston | Summer Social at Club Cafe,"Thursday, August 15, 2019 6:00 PM",Past,157,168
Out in Tech SF | Sunday Funday Picnic!,"Sunday, August 18, 2019 2:00 PM",Past,187,113
Out in Tech London | End of Summer Social,"Wednesday, August 28, 2019 6:30 PM",Past,228,22
Out in Tech PDX | September Social,"Tuesday, September 3, 2019 5:30 PM",Past,125,5
Out in Tech NY | Keepin' It Real [Estate],"Wednesday, September 4, 2019 6:30 PM",Past,310,15
Out in Tech SF | Oakland Pride Kickoff!,"Saturday, September 7, 2019 5:00 PM",Past,173,177
Out in Tech NY | Demos & Drinks,"Wednesday, September 11, 2019 6:00 PM",Past,424,-14
Out in Tech BOS | AI/ML and Queering the Future,"Thursday, September 12, 2019 6:00 PM",Past,136,189
Out in Tech U | Finding Your Path in Tech,"Monday, September 16, 2019 8:00 PM",Past,206,209
Out in Tech PDX | Demos and Drinks September 2019,"Tuesday, September 17, 2019 5:30 PM",Past,125,25
Out in Tech NY | How I Built This with URBAN-X,"Wednesday, September 18, 2019 6:30 PM",Past,420,10
Out in Tech London | Tech for Good ,"Wednesday, September 18, 2019 6:30 PM",Past,331,44
Out in Tech CHI | Digital Corps Happy Hour,"Saturday, September 28, 2019 5:00 PM",Past,33,42
Out in Tech PDX | October Social,"Tuesday, October 1, 2019 6:00 PM",Past,96,51
Out in Tech Denver | Launch Event at Flatiron School,"Wednesday, October 2, 2019 6:00 PM",Past,74,251
Out in Tech BOS | Fall Social at LogMeIn,"Thursday, October 3, 2019 6:00 PM",Past,190,135
Out in Tech U | Field Trip to Google Offices,"Monday, October 7, 2019 6:00 PM",Past,58,117
Out in Tech London | LGBTQIA+ Media Debate ,"Wednesday, October 9, 2019 6:30 PM",Past,324,111
Out in Tech PDX | Womxn Leaders in Technology,"Thursday, October 10, 2019 5:30 PM",Past,141,149
Out in Tech CHI | Fall Social at DocuSign,"Thursday, October 10, 2019 5:30 PM",Past,157,8
Out In Tech PDX | Equity by Design,"Wednesday, October 16, 2019 5:30 PM",Past,113,27
Out in Tech DC | Queer + Trans POC Social,"Tuesday, October 22, 2019 5:00 PM",Past,79,341
Qorporate Roundtable #1 // All About Inclusion,"Thursday, October 24, 2019 1:00 PM",Past,22,28
Out in Tech BLR | #GetOffline,"Saturday, October 26, 2019 5:00 PM",Past,40,95
Out in Tech U | #GetThatGig at The Phluid Project,"Tuesday, October 29, 2019 6:00 PM",Past,73,102
Out in Tech U | Authenticity in Tech at Rutgers-New Brunswick,"Wednesday, October 30, 2019 6:00 PM",Past,12,163
Out in Tech NY | Fall Social at Peloton,"Wednesday, October 30, 2019 6:00 PM",Past,423,-3
Out in Tech PDX | November Social,"Tuesday, November 5, 2019 5:30 PM",Past,144,0
Out in Tech Atlanta | Launch Event at Flatiron School,"Tuesday, November 5, 2019 6:30 PM",Past,101,224
Out in Tech London | Let's Talk About Mental Health,"Wednesday, November 6, 2019 6:30 PM",Past,424,39
Out in Tech NY | Happy Hour at Henrietta Hudson,"Wednesday, November 6, 2019 6:30 PM",Past,253,167
"Out in Tech SF | It's Money, Honey","Tuesday, November 12, 2019 6:00 PM",Past,193,27
Out in Tech U | Graduation at Twitter ,"Tuesday, November 12, 2019 6:00 PM",Past,28,32
Out in Tech Boston | There's No I in Labels at Amazon,"Wednesday, November 13, 2019 6:00 PM",Past,272,55
Out in Tech DC | Tech & Campaign 2020,"Wednesday, November 13, 2019 6:30 PM",Past,143,277
Out in Tech Miami | Fall Social at RedBar,"Tuesday, November 19, 2019 6:00 PM",Past,39,271
Out in Tech NY | Account Management at Snap,"Wednesday, November 20, 2019 6:00 PM",Past,268,2
"Out in Tech PDX | We put the ""i"" in iOS","Wednesday, November 20, 2019 6:00 PM",Past,69,36
Out in Tech LDN | Get Ready for Winter! Social,"Thursday, November 21, 2019 6:30 PM",Past,141,9
Out in Tech Stockholm | Launch Event at King,"Thursday, November 28, 2019 6:00 PM",Past,91,329
Out in Tech NY | Reality Check! ,"Monday, December 2, 2019 6:00 PM",Past,487,28
Out in Tech PDX | December Social,"Tuesday, December 3, 2019 5:30 PM",Past,85,72
Out in Tech ATL | Lightning Talks at Microsoft ,"Tuesday, December 3, 2019 6:00 PM",Past,40,170
Out in Tech DC | Mental Health & Tech,"Tuesday, December 3, 2019 6:30 PM",Past,129,181
Out in Tech SF | Winter Social,"Saturday, December 7, 2019 5:00 PM",Past,130,780
Out in Tech SF | Digital Corps Happy Hour,"Saturday, December 7, 2019 5:30 PM",Past,80,230
Out in Tech Denver | Drag Brunch & Toy Social,"Sunday, December 8, 2019 10:00 AM",Past,26,74
"Out in Tech NY | Womxn's, Nonbinary, & TGNC Social at Cubbyhole","Monday, December 9, 2019 6:30 PM",Past,212,-2
Out in Tech Seattle | Working #OutHere,"Wednesday, December 11, 2019 5:30 PM",Past,75,0
Out in Tech Hyderabad | Cybersecurity for Everyone,"Saturday, December 14, 2019 4:00 PM",Past,39,111
Out in Tech LA | Gratitude Brunch + Hike,"Sunday, December 15, 2019 9:30 AM",Past,93,217
Out in Tech PDX | January Social,"Tuesday, January 7, 2020 6:00 PM",Past,68,109
"Out in Tech LA | New Era, New Me","Saturday, January 11, 2020 4:00 PM",Past,253,257
Out in Tech BOS | Tech Care of Yourself: Fitness and Wellness in Tech,"Wednesday, January 15, 2020 6:00 PM",Past,178,132
Out in Tech LDN | We Go Together: Intersectionality in the Media,"Wednesday, January 15, 2020 6:15 PM",Past,394,116
Out in Tech NY | Feelin’ Good as Health,"Wednesday, January 15, 2020 6:30 PM",Past,273,7
Out in Tech PDX | Demos and Drinks,"Wednesday, January 22, 2020 5:30 PM",Past,112,38
Out in Tech Stockholm | Creating Inclusive &amp; Open Workplace Cultures,"Wednesday, January 22, 2020 6:00 PM",Past,61,249
"Out in Tech ATL | New Year, New Social","Wednesday, January 22, 2020 6:00 PM",Past,53,197
"Out in Tech CHI | New Year, New Social","Thursday, January 23, 2020 6:00 PM",Past,155,35
Out in Tech LA | January Hike at Runyon Canyon,"Sunday, January 26, 2020 9:30 AM",Past,63,127
"Out in Tech ATX | New Year, New Social","Tuesday, January 28, 2020 5:30 PM",Past,169,81
Out in Tech Miami | Out in Tech x Product Hunt Meetup,"Tuesday, January 28, 2020 6:00 PM",Past,34,246
"Out in Tech NY | Womxn, Nonbinary & TGNC Social at Ginger's","Tuesday, January 28, 2020 6:30 PM",Past,166,144
"Out in Tech BOS | New Year, New You","Thursday, January 30, 2020 6:00 PM",Past,163,147
Out in Tech BLR | Queering the Talent Pool,"Saturday, February 1, 2020 1:00 PM",Past,51,139
Out in Tech PDX | Black Excellence: A Black History Month Celebration,"Tuesday, February 4, 2020 6:00 PM",Past,97,38
Out in Tech ATL | Speed Networking at Samsara,"Tuesday, February 11, 2020 6:00 PM",Past,67,123
"Out in Tech SF | Let's Talk About Sex, Baby","Wednesday, February 12, 2020 6:00 PM",Past,310,300
Out in Tech BOS | Tech-nically Dating,"Wednesday, February 12, 2020 6:00 PM",Past,165,45
Out in Tech NY | Tech-nically Dating,"Wednesday, February 12, 2020 6:30 PM",Past,743,9
Out in Tech IND | Out in Tech Indianapolis is Coming Out!,"Wednesday, February 19, 2020 6:00 PM",Past,58,252
Out in Tech LA | How Tech Empowers Storytelling,"Wednesday, February 19, 2020 6:00 PM",Past,305,305
Out in Tech PDX | Tech-nically Dating,"Wednesday, February 19, 2020 6:00 PM",Past,73,77
Out in Tech NY | The Future of Fashion Tech,"Thursday, February 20, 2020 6:00 PM",Past,195,10
Out in Tech Denver | Diversity and Inclusion in Tech,"Thursday, February 20, 2020 6:00 PM",Past,67,243
Out in Tech NY | February Happy Hour at Henrietta Hudson,"Monday, February 24, 2020 6:30 PM",Past,134,286
Out in Tech LDN  | How We Built This,"Wednesday, February 26, 2020 6:00 PM",Past,293,67
Out in Tech PDX | Intersectionality in Women's History,"Thursday, March 5, 2020 6:00 PM",Past,71,79
[Postponed]Out in Tech Stockholm | Ethical Tech,"Thursday, March 12, 2020 6:00 PM",Past,32,218
Out in Tech LA | March Hike at Temescal Canyon Park,"Sunday, March 15, 2020 9:30 AM",Past,40,150
[POSTPONED] Out in Tech London | Is It Me You're Looking For?,"Wednesday, March 18, 2020 6:15 PM",Past,99,231
[POSTPONED]  Speed Networking at Oscar Health,"Wednesday, March 18, 2020 6:30 PM",Past,95,127
[POSTPONED] Out in Tech Denver | Happy Hour at Blush &amp; Blu,"Thursday, March 19, 2020 6:00 PM",Past,23,427
Out in Tech SD | March Hike at Cowles Mountain,"Saturday, March 21, 2020 10:00 AM",Past,4,146
[POSTPONED] Out in Tech NY | Mind the Machine: AI-Powered Media &amp; Marketing,"Wednesday, March 25, 2020 6:30 PM",Past,341,64
[POSTPONED] Out in Tech ATL | Getting Diversity &amp; Inclusion Right,"Wednesday, March 25, 2020 6:30 PM",Past,47,263
Out in Tech U | Digital Mentorship Spring 2020 Kickoff,"Wednesday, March 25, 2020 9:00 PM",Past,93,217
Out in Tech U | NYC Mentorship Spring 2020 Kickoff,"Thursday, March 26, 2020 6:00 PM",Past,34,276
[POSTPONED] Out in Tech NY | Womxn &amp; TGNC Social at Stonewall with Newsela ,"Tuesday, March 31, 2020 6:30 PM",Past,54,346
Out in Tech | Queers On Zoom,Repeating Event,Past,0,5000
Out in Tech - Virtual Fireside Chat with Will Ryan,"Thursday, April 9, 2020 7:00 PM",Past,35,165
Out in Tech U | Digital Mentorship Spring 2020 Speed Networking,"Monday, April 13, 2020 9:00 PM",Past,45,265
Out in Tech | Queers On Zoom 4/13-4/17,Repeating Event,Past,0,5000
Out in Tech U | NYC Mentorship Spring 2020 Speed Networking,"Tuesday, April 14, 2020 6:00 PM",Past,22,288
Out in Tech | Queers On Zoom  4/20-4/24,Repeating Event,Past,0,5000
Out in Tech | Queers On Zoom  4/27-5/01,Repeating Event,Past,0,5000
Out in Tech Indianapolis | Netflix &amp; Spill: Strike A Pose,"Thursday, April 30, 2020 7:00 PM",Past,4,296
Out in Tech NY | Queers On Zoom : Getting Fitty With It,"Thursday, April 30, 2020 9:00 PM",Past,72,228
Out in Tech Philadelphia | Virtual Happy Hour ,"Friday, May 1, 2020 6:00 PM",Past,22,288
Out in Tech Indianapolis | Queer X Design: A Talk with Andy Campbell,"Tuesday, May 5, 2020 6:30 PM",Past,86,224
Out in Tech | Queers On Zoom  5/1-5/5,Repeating Event,Past,0,5000
Out in Tech U | Working #OutHere,"Tuesday, May 5, 2020 9:00 PM",Past,139,171
Out in Tech | Queers On Zoom : Backstage with Arlan Hamilton,"Wednesday, May 6, 2020 9:00 PM",Past,304,296
Out in Tech Philadelphia | Virtual Happy Hour (5.8.20),"Friday, May 8, 2020 6:00 PM",Past,24,286
Out in Tech | Queers On Zoom  5/11-5/15,Repeating Event,Past,0,5000
Out in Tech Events  | 5/18-5/22,Repeating Event,Past,0,5000
Out in Tech Boston | Because You're Worth It,"Wednesday, May 20, 2020 6:30 PM",Past,136,164
Out in Tech U | Digital Mentorship Spring 2020 Graduation,"Wednesday, May 20, 2020 9:00 PM",Past,73,237
Out in Tech U | NYC Mentorship Spring 2020 Graduation,"Thursday, May 21, 2020 6:00 PM",Past,57,253
Out in Tech Philadelphia | Happy Hour with NextFab (5.22.20),"Friday, May 22, 2020 6:00 PM",Past,21,289
Out in Tech India | Virtual Happy Hour ,"Sunday, May 24, 2020 7:00 PM",Past,13,297
Out in Tech Events  | 5/25-5/29,Repeating Event,Past,0,5000
Out in Tech Events  | 6/15-6/19,Repeating Event,Past,0,5000
Out in Tech | Black-Owned Businesses Showcase,"Tuesday, June 16, 2020 9:00 PM",Past,149,151
"Out in Tech | Pride Fireside with Brian Kelly, The Points Guy","Monday, June 22, 2020 7:00 PM",Past,191,809
Out in Tech Denver | Virtual Happy Hour,"Thursday, June 25, 2020 7:00 PM",Past,37,463
Out in Tech NY | Dataiku: Demos Gone Digital,"Tuesday, June 30, 2020 6:00 PM",Past,183,317
Out in Tech Chicago | CommUNITY Pride,"Tuesday, June 30, 2020 7:00 PM",Past,91,409
Out in Tech QTBIPOC | The Value of Coaching,"Wednesday, July 1, 2020 8:00 PM",Past,137,363
Out in Tech Madrid - Digital Meetup,"Wednesday, July 8, 2020 8:00 PM",Past,42,158
Out in Tech | Broadway Trivia ,"Monday, July 13, 2020 9:00 PM",Past,14,486
Out in Tech | Paris is Burning Watch Party,"Sunday, July 19, 2020 7:00 PM",Past,60,440
[POSTPONED] Pets of Out in Tech Pageant,"Wednesday, July 22, 2020 8:00 PM",Past,19,481
Out in Cybersecurity,"Thursday, July 23, 2020 2:00 PM",Past,563,37
Out in Tech PDX | Intersectionality in Design &amp; Tech - Design Week,"Friday, August 7, 2020 12:00 PM",Past,40,460
Out in Tech Denver | Game Jam!,"Friday, August 7, 2020 8:00 PM",Past,15,585
Out in Tech | Pet Pageant Extravaganza!,"Tuesday, August 25, 2020 8:00 PM",Past,138,362
Out in Tech | What The Health?,"Wednesday, August 26, 2020 6:30 PM",Past,204,296
Out in Tech | Lunch &amp; Learn - Queer Out the Vote,"Thursday, September 3, 2020 2:00 PM",Past,176,324
Out in Tech | Market BLKQ,"Monday, September 14, 2020 9:00 PM",Past,208,292
Out in Tech | Count Me In: Quantum Computing,"Thursday, September 17, 2020 4:00 PM",Past,284,216
Out in Tech U | An Evening With Entrepreneurs,"Tuesday, September 22, 2020 8:00 PM",Past,77,423
Mental Health in Tech: OiT Madrid,"Wednesday, September 23, 2020 8:00 PM",Past,36,14
Out in Tech | Cannabis &amp; Tech: A Joint Venture,"Thursday, September 24, 2020 8:00 PM",Past,842,158
Out in Tech | Speed Networking,"Tuesday, September 29, 2020 8:00 PM",Past,228,272
Out in Tech U |  Mentorship Fall 2020 Kickoff,"Thursday, October 1, 2020 8:00 PM",Past,180,130
Out in Tech | Miami Virtual Mixer,"Tuesday, October 6, 2020 6:00 PM",Past,30,470
Out in Tech Stockholm | Listen Up!,"Tuesday, October 6, 2020 7:00 PM",Past,58,442
Out in Tech #food | Q&A w/ Ben Mims,"Wednesday, October 7, 2020 8:00 PM",Past,61,439
Out in Tech | #TransAtTheOffice,"Thursday, October 8, 2020 8:30 PM",Past,143,357
Out in Tech | #GetThatGig,"Tuesday, October 13, 2020 9:00 PM",Past,332,168
Out in Tech | Lancement de OIT France,"Friday, October 16, 2020 1:00 PM",Past,35,465
Out in Tech | The Future of Work,"Thursday, October 22, 2020 3:00 PM",Past,478,522
Out in Tech U |  Mentorship Mid-Program Event,"Thursday, October 22, 2020 8:00 PM",Past,74,236
Out in Tech | Intersex Awareness Lunch and Learn,"Monday, October 26, 2020 1:00 PM",Past,62,438
Out in Tech U |  Belonging in Tech Panel,"Thursday, November 5, 2020 8:00 PM",Past,160,150
QTBIPOC Meditation &amp; Healing Workshop,"Tuesday, November 10, 2020 9:00 PM",Past,100,400
#Over-40 Virtual Mixer,"Wednesday, November 18, 2020 8:00 PM",Past,59,251
Out in Tech U | Mentorship Fall 2020 Graduation,"Tuesday, December 1, 2020 8:00 PM",Past,115,195
Out in Tech | UIUX: #CareerGigMixer,"Wednesday, December 2, 2020 8:00 PM",Past,224,276
Out in Tech U |  Game Night: Among Us,"Monday, December 7, 2020 8:00 PM",Past,27,483
Out in Tech | Keywords: AdTech for the LGBTQ+ Community,"Monday, December 7, 2020 8:00 PM",Past,155,345
Out in Tech | Storytelling: Journeys to Tech,"Tuesday, December 8, 2020 8:00 PM",Past,420,90
Out in Tech QTBIPOC | Coded Bias Screening + Happy Hour,"Sunday, December 13, 2020 4:30 PM",Past,6,194
Virtual Fair | Market BLKQ,"Monday, December 14, 2020 9:00 PM",Past,150,350
Out in Tech | Year End Party,"Thursday, December 17, 2020 8:00 PM",Past,173,327
Out in Tech U | Build Your Perfect Tech Resume,"Monday, January 11, 2021 8:00 PM",Past,186,314
Out in Tech Book Club | White Feminism,"Tuesday, January 26, 2021 8:00 PM",Past,126,374
Out in Tech | Black Mental Health - Interpersonal Effectiveness,"Tuesday, February 9, 2021 8:00 PM",Past,70,430
Out in Tech | Over40 Networking Mixer,"Tuesday, February 9, 2021 8:30 PM",Past,184,316
Equity Lunch and Learn,"Thursday, February 11, 2021 1:00 PM",Past,220,280
Out in Tech | Tech-Nically Dating,"Friday, February 12, 2021 6:00 PM",Past,455,45
OIT U Community Queer Trivia Night!,"Tuesday, February 16, 2021 8:00 PM",Past,46,454
Demos &amp; Drinks: Cybersecurity Edition,"Wednesday, February 17, 2021 6:00 PM",Past,390,610
OIT  #UIUX | What's In Your Portfolio?,"Thursday, February 18, 2021 8:00 PM",Past,102,398
Out In Tech | Black Mental Health - Mentors and Mocktails,"Tuesday, February 23, 2021 8:00 PM",Past,50,450
OIT  #gaymers | All Fun &amp; Gaymes,"Wednesday, February 24, 2021 8:00 PM",Past,60,0
Out in Tech U  | #GetThatGig (17-24yo),"Tuesday, March 9, 2021 8:00 PM",Past,222,778
OIT  #Gaymers | MAR10 Day Celebration!,"Wednesday, March 10, 2021 8:00 PM",Past,18,982
Out in Tech Denver | Speed Connection,"Wednesday, March 10, 2021 8:00 PM",Past,13,987
Out in Tech Women Committee |  Comedy Night:  Laughing Matters,"Wednesday, March 17, 2021 8:00 PM",Past,173,127
Out in Tech U  | Trans* in Tech,"Tuesday, March 23, 2021 8:00 PM",Past,48,952
Out in Tech UK  | Have I Got A Job For You! ☀️,"Wednesday, March 24, 2021 2:00 PM",Past,82,918
Out in Tech U | US Mentorship Spring 2021 Kickoff,"Monday, March 29, 2021 8:00 PM",Past,193,107
OIT  #UIUX RUXSTARS | Happy Hour Labs - April,"Wednesday, April 7, 2021 8:00 PM",Past,60,140
OiT  #UIUX RUXSTARS | Happy Hour Labs - April (Round 2),"Thursday, April 8, 2021 3:00 PM",Past,19,181
Out in Tech U | US Mentorship Spring 2021 Speed Networking,"Tuesday, April 13, 2021 8:00 PM",Past,49,251
"Out in Tech #book-club | Detransition, Baby","Thursday, April 15, 2021 8:00 PM",Past,28,972
Out in Tech Cyber Committee |  Cyber Happy Hour,"Thursday, April 15, 2021 8:00 PM",Past,45,55
Out in Tech U |  An Evening With... AI/Machine Learning Professionals,"Monday, April 19, 2021 8:00 PM",Past,175,25
OIT LA Committee | Comedy Night,"Tuesday, April 20, 2021 9:30 PM",Past,55,45
Out in Tech #over-40| Age Discrimination in Tech Hiring,"Thursday, April 22, 2021 8:00 PM",Past,314,686
Out in Tech Philadelphia Committee |  Philly Mock Interviews: Developers,"Monday, May 3, 2021 7:00 PM",Past,31,69
OiT #UIUX RUXSTARS | Happy Hour Labs - May,"Wednesday, May 5, 2021 8:00 PM",Past,42,158
Out in Tech Spring 2021 Working #OutHere Panel Event,"Wednesday, May 5, 2021 8:00 PM",Past,88,212
OiT #UIUX RUXSTARS | Happy Hour Labs - May (Round 2),"Thursday, May 6, 2021 3:00 PM",Past,12,188
Out in Tech Product Managers  and UIUX|  Equity in Product,"Tuesday, May 11, 2021 8:00 PM",Past,149,51
Out in Tech Philadelphia Committee |  Philly Spotlight,"Monday, May 17, 2021 7:00 PM",Past,0,300
OiT #UIUX | Designing with Equity,"Thursday, May 20, 2021 8:00 PM",Past,51,149
Out in Tech Over-40 Committee |  Networking Mixer,"Thursday, May 20, 2021 8:00 PM",Past,67,233
OIT Denver Committee | Job Fair,"Tuesday, May 25, 2021 8:00 PM",Past,51,49
Out in Tech Product Managers Committee |  Break The Ice,"Wednesday, May 26, 2021 8:00 PM",Past,31,269
Out in Tech U Spring 2021 US Mentorship Program - Graduation,"Thursday, May 27, 2021 8:00 PM",Past,115,185
OiT #UIUX | Equitable Research,"Thursday, May 27, 2021 8:00 PM",Past,111,89
Out in Tech Pride | Celebrating Troublemakers,"Thursday, June 3, 2021 4:00 PM",Past,2278,2722
Out In Tech Pride | Virtual Pride Party,"Wednesday, June 9, 2021 8:00 PM",Past,331,-31
Out in Tech |  Rainbow Rounds - A Happy Hour Speed Networking Event,"Wednesday, June 16, 2021 8:00 PM",Past,61,239
Out in Tech |  Rainbow Rounds (R2) - A Happy Hour Speed Networking Event,"Thursday, June 17, 2021 3:00 PM",Past,24,276
OIT Sweden | Speed networking with Out in Tech,"Thursday, June 17, 2021 5:30 PM",Past,11,189
OIT India | MindPeers Event,"Saturday, June 19, 2021 7:30 PM",Past,32,168
Out in Tech U | Level Up - Launching a Career in Tech,"Wednesday, June 23, 2021 8:00 PM",Past,175,125
OIT Women Committee | 'Bank On It' - FinTech Panel,"Wednesday, June 30, 2021 8:00 PM",Past,159,41
Out in Tech |  Wonder Shuffle - A Networking Event,"Wednesday, July 7, 2021 8:00 PM",Past,55,245
Out in Tech |  Wonder Shuffle (Round 2) - A Networking Event,"Thursday, July 8, 2021 3:00 PM",Past,20,280
Out in Tech Book Club | Fairest,"Thursday, July 8, 2021 8:00 PM",Past,37,163
Out in Tech |  Pixel Party - 8-Bit Style Networking Event,"Wednesday, August 4, 2021 8:00 PM",Past,59,41
Out in Tech |  Pixel Party (Round 2) - 8-Bit Style Networking Event,"Thursday, August 5, 2021 3:00 PM",Past,20,80
Out in Tech | Gaming//E-commerce,"Wednesday, August 25, 2021 4:00 PM",Past,910,4090
Out in Tech Stockholm Committee | Park Hangout,"Wednesday, September 1, 2021 5:30 PM",Past,24,176
Out in Tech | Galaxy Lounge - A Networking Event,"Wednesday, September 8, 2021 8:00 PM",Past,46,54
Out in Tech | Galaxy Lounge (Round 2) - A Networking Event,"Thursday, September 9, 2021 3:00 PM",Past,19,81
Out in Tech Careers | An Inside Job,"Friday, September 10, 2021 3:00 PM",Past,1057,3943
Out in Tech Over-40 Committee |  Networking Mixer,"Wednesday, September 15, 2021 8:00 PM",Past,109,4891
Out in Tech U | Building Your First Tech Resume,"Tuesday, September 21, 2021 8:00 PM",Past,84,916
OIT Black Mental Health | Emotion Regulation,"Tuesday, September 28, 2021 8:00 PM",Past,67,133
Out in Tech U | Mentorship Fall 2021 Kickoff,"Tuesday, October 5, 2021 8:00 PM",Past,73,227
OiT |  Rainbow Rounds - A Happy Hour Speed Networking Event (10/6),"Wednesday, October 6, 2021 8:00 PM",Past,70,230
OiT |  Rainbow Rounds (R2) - A Happy Hour Speed Networking Event (10/7),"Thursday, October 7, 2021 3:00 PM",Past,18,282
Out in Tech Atlanta | Amplifying LGBTQ+ in Tech,"Thursday, October 7, 2021 5:30 PM",Past,509,4491
Out in Tech | Leadership Training Institute 2021,"Thursday, October 14, 2021 3:00 PM",Past,2290,2910
Out in Tech U | Mentorship Fall 2021 Speed Networking,"Monday, October 18, 2021 8:00 PM",Past,30,270
Yatta! Anime Network Party!,"Wednesday, October 20, 2021 8:00 PM",Past,112,588
Out in Tech Book Club | Greedy,"Thursday, October 21, 2021 8:00 PM",Past,27,673
Out in Tech | How Tech is Influencing the Future of Education &amp; Healthcare,"Tuesday, October 26, 2021 4:00 PM",Past,422,4578
Get in the Game - Out in Tech U Trivia Night,"Tuesday, October 26, 2021 8:00 PM",Past,13,687
Out in Tech U | Mentorship Fall 2021 No Experience No Problem,"Wednesday, October 27, 2021 8:00 PM",Past,64,236
Out in Tech | Playhouse Crypto: Setting Up A Hot Wallet,"Wednesday, November 3, 2021 7:30 PM",Past,119,581
Out in Tech | Close the Deal: Talking about FinTech &amp; PropTech,"Tuesday, November 9, 2021 4:00 PM",Past,676,4324
Out in Tech | Demos &amp; Drinks: Show (Off) and Tell Edition,"Wednesday, November 10, 2021 6:00 PM",Past,234,866
Out in Tech Over-40 Committee | Year-End Roundtable,"Wednesday, November 10, 2021 8:00 PM",Past,53,647
Out in Tech | Career Talks ✨,"Tuesday, November 16, 2021 4:00 PM",Past,797,1203
Out in Tech UK Social,"Wednesday, November 24, 2021 7:30 PM",Past,98,52
Out In Tech Stockholm | 2 Year Celebration w/ Drag bingo!,"Thursday, November 25, 2021 6:00 PM",Past,8,492
Out In Tech | Over the Rainbow - UX Research Showcase,"Tuesday, November 30, 2021 8:00 PM",Past,86,314
Out in Tech Europe | What the Health,"Thursday, December 2, 2021 5:00 PM",Past,1,699
Out in Tech U Fall 2021 US Mentorship Program - Graduation,"Friday, December 3, 2021 8:00 PM",Past,35,265
Nail Your Tech Interview Workshop,"Tuesday, December 7, 2021 5:00 PM",Past,92,208
Out in Tech | Pride 365,"Thursday, December 9, 2021 4:00 PM",Past,194,506
Out In Tech | Day in the Life of a UX Researcher,"Thursday, December 9, 2021 9:00 PM",Past,144,256
Out In Tech | Year End Party 2021,"Wednesday, December 15, 2021 8:00 PM",Past,165,5
Out In Tech Philly Meetup,"Thursday, December 16, 2021 6:00 PM",Past,18,682
Out in Tech Over-40 Committee | Networking About Networking,"Wednesday, January 26, 2022 8:00 PM",Past,107,193
Out in Cybersecurity,"Thursday, January 27, 2022 5:30 PM",Past,601,4399
#iSeeMeInCyber | Cybersecurity Job Fair,"Thursday, January 27, 2022 6:00 PM",Past,97,5103
ETHDenver Fireside Chat,"Thursday, January 27, 2022 6:00 PM",Past,15,285
Out in Tech | Career Talks ✨,"Tuesday, February 8, 2022 3:00 PM",Past,1022,978
Out in Tech Stockholm | Social and Games,"Thursday, February 17, 2022 5:00 PM",Past,9,1991
Pivoting Into Tech,"Tuesday, February 22, 2022 5:00 PM",Past,146,154
Out In Tech | To Gather Together 2.22.2022 - Virtual Happy Hour,"Tuesday, February 22, 2022 8:00 PM",Past,73,27
Content Rules!,"Thursday, February 24, 2022 3:00 PM",Past,728,4272
Out in Tech Over-40 Committee | Cross-Pond Connections,"Wednesday, March 2, 2022 12:00 PM",Past,52,1948
Out in Tech UK Social,"Wednesday, March 2, 2022 7:00 PM",Past,90,60
Wine Down Wednesday: Out In Tech Carolinas visits AvidXchange,"Wednesday, March 9, 2022 6:00 PM",Past,31,209
OIT Denver | Job Fair,"Thursday, March 10, 2022 8:00 PM",Past,24,1976
Out in Tech | San Francisco Park Social,"Saturday, March 26, 2022 2:00 PM",Past,219,231
Out in Tech U | Mentorship Spring 2022  Kickoff,"Tuesday, April 5, 2022 8:00 PM",Past,122,178
Out in Tech UK: How can technology help us make more sustainable choices?,"Wednesday, April 6, 2022 7:00 PM",Past,164,186
Building Queer &amp; Trans Wealth,"Thursday, April 7, 2022 4:00 PM",Past,2386,2614
#book-club | Author Talk: Love and Other Disasters,"Thursday, April 21, 2022 8:00 PM",Past,26,174
Out In Tech U | Meet The Game Makers,"Thursday, April 21, 2022 8:00 PM",Past,48,252
OIT Philly | Meet Up,"Wednesday, April 27, 2022 6:00 PM",Past,49,1951
Out in Tech | Career Talks ✨,"Thursday, April 28, 2022 2:00 PM",Past,1726,1274
OIT Portland | Remix &amp; Remingle,"Thursday, April 28, 2022 5:30 PM",Past,112,43
Out in Tech U | Mentorship Spring 2022 Speed Networking,"Thursday, April 28, 2022 8:00 PM",Past,32,268
May The 4th Be With You,"Wednesday, May 4, 2022 5:30 PM",Past,50,50
Hike with OIT Stockholm,"Saturday, May 7, 2022 11:00 AM",Past,2,1998
Out in Tech PDX + #over-40 Community Mixer!,"Thursday, May 12, 2022 5:30 PM",Past,33,117
OIT Atlanta | Relaunch &amp; Social,"Thursday, May 12, 2022 7:00 PM",Past,51,49
Out in Tech U | Mentorship Spring 2022 Elevator Pitch Workshop,"Tuesday, May 17, 2022 8:00 PM",Past,24,276
OIT Boston | Spring Meet Up,"Wednesday, May 18, 2022 6:00 PM",Past,106,244
OIT Denver - Speed Networking Event,"Tuesday, May 24, 2022 6:00 PM",Past,20,1980
OIT Chicago | Remix &amp; Remingle,"Wednesday, May 25, 2022 6:00 PM",Past,107,393
"OIT UK | Let's Talk about Pride, Baby.","Thursday, May 26, 2022 7:00 PM",Past,209,1791
OIT Seattle | Network and Chill Pride Month Kickoff,"Wednesday, June 1, 2022 6:00 PM",Past,271,29
Out in Tech Pride 2022,"Thursday, June 2, 2022 4:00 PM",Past,1725,275
Out in Tech NYC x Adyen Social,"Thursday, June 2, 2022 6:00 PM",Past,326,-1
Out in Tech Over-40 Committee | Pride 2022 Networking Mixer,"Thursday, June 2, 2022 8:00 PM",Past,76,224
OIT Atlanta @ RenderATL | Community Social,"Thursday, June 2, 2022 9:00 PM",Past,106,-6
OIT San Francisco | Pride Rooftop Social,"Saturday, June 4, 2022 1:00 PM",Past,500,0
OIT Carolinas | Pride Month Networking Event | Sponsored by Honeywell,"Wednesday, June 8, 2022 6:00 PM",Past,78,22
Out in Tech U Spring 2022 US Mentorship Program - Graduation,"Wednesday, June 8, 2022 8:00 PM",Past,56,244
OIT Atlanta | Pride Summer Camp Social @ CallRail,"Thursday, June 16, 2022 7:00 PM",Past,46,4
OIT PDX | Pride Parade Viewing Party,"Sunday, June 19, 2022 10:30 AM",Past,28,472
OIT India | All for All at the Workspace - Panel,"Monday, June 20, 2022 11:00 AM",Past,11,1989
OIT Boston | Pride Panel,"Wednesday, June 22, 2022 6:00 PM",Past,106,44
OIT Philadelphia Game Night!,"Wednesday, June 22, 2022 6:00 PM",Past,19,81
Mental Health Matters: Out in Tech NYC x Quartet Health,"Thursday, June 23, 2022 6:00 PM",Past,149,91
Out in Tech DC | Summer Kickoff Happy Hour!,"Thursday, June 23, 2022 6:30 PM",Past,56,169
Out in Tech Austin | Stand Up + Socialize,"Wednesday, June 29, 2022 5:30 PM",Past,147,13
Qmmunity: Building Community across Continents,"Thursday, June 30, 2022 10:00 AM",Past,305,195
OIT Los Angeles | Pride Networking Social @ GoodRx,"Thursday, June 30, 2022 5:00 PM",Past,230,-5
Out in Tech NYC x The EDITION Social,"Thursday, June 30, 2022 6:00 PM",Past,358,-13
OIT UK | Pride Speed Networking,"Thursday, June 30, 2022 7:00 PM",Past,79,121
Summer fun with OIT Stockholm @ King,"Friday, July 1, 2022 5:30 PM",Past,38,2
Presented by Zaddy Solutions: How to be diverse in the tech world,"Wednesday, July 6, 2022 6:00 PM",Past,51,24
OIT Carolinas Virtual Speaker Event,"Wednesday, July 6, 2022 7:00 PM",Past,2,148
OIT Chicago | Pride Picnic,"Sunday, July 10, 2022 2:00 PM",Past,76,1924
Blow My App Out  | Out in Tech NYC,"Tuesday, July 12, 2022 6:00 PM",Past,279,8
OIT UK | Investing in LGBTQ+ Entrepreneurs,"Wednesday, July 13, 2022 7:00 PM",Past,114,186
Out in Tech NYC x The Malin Summer Social,"Thursday, July 14, 2022 6:00 PM",Past,324,1
OIT Boston | I Know A HubSpot Summer Social,"Wednesday, July 20, 2022 6:00 PM",Past,81,19
OIT Denver | Summer Mini Hike &amp; Hangout,"Saturday, July 23, 2022 10:00 AM",Past,14,1986
#book-club: She Who Became the Sun,"Wednesday, July 27, 2022 8:00 PM",Past,32,68
Out in Tech NYC | Women &amp; TGNC Social at Adyen,"Thursday, August 4, 2022 6:00 PM",Past,196,4
OIT LA | Building Products &amp; Communities for Creatives,"Thursday, August 18, 2022 5:30 PM",Past,203,47
Out in Tech NYC x Elsewhere Summer Social,"Thursday, August 18, 2022 6:00 PM",Past,308,-8
OIT UK | 5th Birthday Party,"Wednesday, August 24, 2022 7:00 PM",Past,333,1667
Out in Tech Over-40 Committee | Summer Game Night,"Wednesday, August 24, 2022 8:00 PM",Past,44,256
OIT Philadelphia | Demos &amp; Drinks,"Thursday, August 25, 2022 6:00 PM",Past,32,18
Out in Tech | Career Talks ✨,"Friday, August 26, 2022 2:00 PM",Past,1310,1690
"OIT Chicago - Panel, Fostering Inclusion in the New Workplace","Tuesday, August 30, 2022 6:00 PM",Past,116,59
Out in Tech | AMA Lunch and Learn w/ Lambda Legal ☀️,"Wednesday, August 31, 2022 2:00 PM",Past,22,278
Out in Tech | Leadership Disability and Inclusivity Workshop,"Thursday, September 8, 2022 2:00 PM",Past,61,139
Queering The Future: Emerging Tech and Innovations,"Tuesday, September 13, 2022 4:00 PM",Past,173,4827
Queering The Future: Emerging Tech and Innovations,"Tuesday, September 13, 2022 4:00 PM",Past,1890,8110
OIT Carolinas | Last Sip of Summer,"Thursday, September 15, 2022 6:00 PM",Past,38,87
Out in Tech Melbourne Mixer,"Thursday, September 15, 2022 6:00 PM",Past,55,95
OIT Denver | End of Summer Mixer,"Sunday, September 18, 2022 11:00 AM",Past,22,1978
OIT Boston | Fall Social,"Wednesday, September 21, 2022 6:00 PM",Past,124,76
Out in Tech UK at Google | Inclusion in a Remote World,"Wednesday, September 21, 2022 7:00 PM",Past,323,0
Out in Tech #uiux: XHIBIT - Demos. Drinks. Happy Hour.,"Thursday, September 22, 2022 8:00 PM",Past,89,11
Out in Tech NYC | Women &amp; TGNC Social at Ginger's Bar,"Tuesday, September 27, 2022 6:00 PM",Past,123,77
OIT Atlanta | Pride Happy Hour with New Relic!,"Wednesday, October 5, 2022 5:00 PM",Past,51,0
OIT San Diego | Bi-Weekly Hangout at Pure Project,Repeating Event,Past,0,100
OIT SF | Fall Networking Event @ The Lookout,"Thursday, October 6, 2022 5:30 PM",Past,174,176
OIT Philly| Mixer @ Stir Lounge,"Thursday, October 6, 2022 6:00 PM",Past,38,22
OIT Seattle | Panel Discussion: Let’s Get Pivoting!,"Tuesday, October 11, 2022 7:00 PM",Past,62,58
Out in Tech U | Mentorship Fall 2022  Kickoff,"Tuesday, October 11, 2022 8:00 PM",Past,212,88
Out in Tech | Leadership Training Institute 2022,"Thursday, October 13, 2022 2:00 PM",Past,2549,2451
Out in Tech U &amp; LinkedIn | Power Up Your Profile,"Thursday, October 13, 2022 5:00 PM",Past,93,207
OIT Detroit | Virtual Kickoff,"Thursday, October 13, 2022 6:00 PM",Past,19,1981
"Out in Tech Comes to Columbia, SC","Wednesday, October 19, 2022 6:00 PM",Past,10,115
OIT Columbus | Meet &amp; Greet,"Thursday, October 20, 2022 5:00 PM",Past,34,16
Out in Tech #uiux: XHIBIT - Demos. Drinks. Happy Hour. (Oct),"Thursday, October 20, 2022 8:00 PM",Past,86,14
Copy of Copy for testing purposes,"Friday, October 21, 2022 3:30 PM",Past,5,0
Over-40 Speed Networking Event,"Wednesday, October 26, 2022 8:00 PM",Past,90,210
Out in Tech U | Play Games,"Thursday, October 27, 2022 8:00 PM",Past,56,244
Out in Tech U | Mentorship Fall 2022 Speed Networking,"Tuesday, November 1, 2022 8:00 PM",Past,9,291
OIT DFW | Kick Off Mixer,"Wednesday, November 2, 2022 6:30 PM",Past,38,62
Out in Tech U | Is a Coding Bootcamp Right for Me?,"Tuesday, November 8, 2022 8:00 PM",Past,53,247
OIT Boston | GARAGE PARTY Social,"Wednesday, November 9, 2022 6:00 PM",Past,125,75
Out in Tech Miami | WE'RE BACK! Social Mixer,"Thursday, November 10, 2022 6:00 PM",Past,135,15
"Author Talk | The Women's House of Detention, with Hugh Ryan","Thursday, November 10, 2022 8:00 PM",Past,24,126
Out in Tech | Career Talks ✨,"Tuesday, November 15, 2022 1:00 PM",Past,1160,1840
Putting the Pro in Product: How to Turbocharge Your Skills,"Wednesday, November 16, 2022 1:00 PM",Past,667,4333
Out in Tech Phoenix | Kick Off Social,"Wednesday, November 16, 2022 5:30 PM",Past,23,77
Out in Tech #uiux: XHIBIT - Demos. Drinks. Happy Hour. (Nov),"Thursday, November 17, 2022 8:00 PM",Past,95,5
OIT Toronto | Kick Off Mixer,"Wednesday, November 30, 2022 6:00 PM",Past,51,99
Out in Tech | Over 40 2022 Year-End Roundtable Event,"Wednesday, November 30, 2022 8:00 PM",Past,71,229
Out in Tech Sydney | Kick Off Social,"Thursday, December 1, 2022 5:30 PM",Past,31,69
OIT Cleveland | Kick Off Mixer,"Thursday, December 1, 2022 6:00 PM",Past,33,67
OIT Houston | Kick Off Mixer,"Thursday, December 1, 2022 6:00 PM",Past,37,113
Out in Tech and Google Cloud Present: Queer Perspectives on Inclusive Data,"Thursday, December 1, 2022 7:00 PM",Past,997,52
OIT San Diego | Pivot into Tech Panel,"Friday, December 2, 2022 11:00 AM",Past,31,89
OIT Indianapolis | Holiday Mixer,"Wednesday, December 7, 2022 6:30 PM",Past,17,83
Out in Tech U Fall 2022 US Mentorship Program - Graduation,"Thursday, December 8, 2022 8:00 PM",Past,7,293
Out in Tech ATX | Holigays Happy Hour,"Wednesday, December 14, 2022 5:30 PM",Past,78,122
OIT Boston | Holiday Social at John Hancock,"Wednesday, December 14, 2022 6:00 PM",Past,136,164
Tinder x OIT: Ugly Sweater Holiday Happy Hour,"Wednesday, December 14, 2022 6:00 PM",Past,254,6
Out in Tech NYC x Elsewhere Holiday Social,"Wednesday, December 14, 2022 6:00 PM",Past,292,8
Detroit Out in Tech Holiday Mixer,"Wednesday, December 14, 2022 6:00 PM",Past,8,142
OIT Seattle | 2022 Holiday Party: Not like all the Otters,"Wednesday, December 14, 2022 7:00 PM",Past,64,1
Out in Tech Atlanta Year-End Winter Social,"Thursday, December 15, 2022 7:00 PM",Past,71,9
Out in Tech #uiux: XHIBIT - Demos. Drinks. Happy Hour. (Dec),"Thursday, December 15, 2022 8:00 PM",Past,68,32
Out in Tech #uiux: XHIBIT - Demos. Drinks. Happy Hour. (Jan 2023),"Thursday, January 19, 2023 8:00 PM",Past,77,23
"OIT Seattle | Cool Skate, Hot Cocoa","Saturday, January 21, 2023 1:00 PM",Past,24,36
OIT Boston | Panel Discussion: Ethical AI for the LGBTQ+ Community,"Wednesday, January 25, 2023 6:00 PM",Past,138,112
Out in Tech x Miami Hack Week Mixer,"Tuesday, January 31, 2023 6:00 PM",Past,229,21
Out in Tech Carolinas | Tech Workforce Development for LGBTQ+ Folks,"Wednesday, February 1, 2023 6:00 PM",Past,19,181
Out in Tech | Over 40 Networking for the New Year Event,"Wednesday, February 1, 2023 8:00 PM",Past,106,194
Out in Tech | Career Talks ✨,"Wednesday, February 8, 2023 1:00 PM",Past,1759,1241
OIT Chicago Virtual Game Night,"Wednesday, February 8, 2023 6:00 PM",Past,50,1950
Out in Tech Sydney | Social Mixer,"Friday, February 10, 2023 6:00 PM",Past,19,1981
Out in Tech ATL February Social @ Fire Maker,"Wednesday, February 15, 2023 7:00 PM",Past,50,10
Queer Women of Color: Paths to Power,"Thursday, February 16, 2023 3:00 PM",Past,1334,1166
Out in Tech #uiux: XHIBIT - Demos. Drinks. Happy Hour. (Feb 2023),"Thursday, February 16, 2023 8:00 PM",Past,102,18
OIT Toronto | February Meetup!,"Tuesday, February 21, 2023 6:00 PM",Past,40,60
Out in Tech | Durham Kick Off Networking Event,"Wednesday, February 22, 2023 6:00 PM",Past,54,46
Out in Tech Chicago 5 Year Anniversary Party,"Wednesday, February 22, 2023 6:00 PM",Past,212,3
"OIT Seattle |  Women, Transgender, &amp; Nonbinary Folx Happy Hour","Wednesday, February 22, 2023 6:00 PM",Past,31,19
Pride Exchange Test,"Thursday, February 23, 2023 3:30 PM",Past,2,1998
Out in Tech Phoenix Social,"Saturday, February 25, 2023 2:30 PM",Past,33,17
Out In Tech Boston | Pride Idea Exchange,"Tuesday, February 28, 2023 6:00 PM",Past,66,1934
Author Talk w/ Lauren Maffeo: Designing Data Governance from the Ground Up,"Wednesday, March 1, 2023 8:00 PM",Past,38,62
Out in Tech PDX | March Mixer,"Tuesday, March 7, 2023 6:00 PM",Past,85,220
OIT Indianapolis March Mixer,"Wednesday, March 8, 2023 6:30 PM",Past,9,1991
Detroit Tech Thursdays l Monthly Mixer,"Thursday, March 9, 2023 6:30 PM",Past,12,138
OIT San Diego | Miner's Ridge Loop Hike,"Sunday, March 12, 2023 10:00 AM",Past,16,19
2023 OIT Leadership Summit,"Thursday, March 16, 2023 12:00 PM",Past,75,445
Out in Tech | We're Tech-nically Dating with Peoplehood,"Thursday, March 16, 2023 6:00 PM",Past,0,210
Out in Tech NYC | Women &amp; TGNC Social at Ginger's Bar,"Tuesday, March 21, 2023 6:00 PM",Past,234,66
Out in Tech ATX | March Mixer,"Tuesday, March 21, 2023 7:00 PM",Past,127,73
OIT Seattle | Drag Bingo Night,"Tuesday, March 21, 2023 7:15 PM",Past,44,6
Out in Tech Melbourne | Fireside Chat (Date change!),"Wednesday, March 22, 2023 6:00 PM",Past,40,160
Out in Tech #uiux: XHIBIT - Demos. Drinks. Happy Hour. (Mar 2023),"Thursday, March 23, 2023 8:00 PM",Past,133,-8
OIT Denver | 2023 Kick-off Mixer,"Tuesday, March 28, 2023 6:00 PM",Past,86,14
OIT Over 40 Virtual Game Night,"Thursday, March 30, 2023 5:00 PM",Past,47,1953
OIT Cleveland | March Mixer,"Thursday, March 30, 2023 6:00 PM",Past,29,71
Out in Tech DC 5 Year Anniversary Celebration!,"Thursday, March 30, 2023 6:30 PM",Past,250,0
OIT Boston  | Synopsys Spring Social,"Thursday, March 30, 2023 6:30 PM",Past,45,1955
Out in Tech PDX | April Monthly Mixer,"Wednesday, April 5, 2023 6:00 PM",Past,76,234
Out in Tech | We're Tech-nically Dating with Peoplehood,"Thursday, April 6, 2023 6:00 PM",Past,246,84
"OIT Seattle | April  Women, Transgender, &amp; Nonbinary Happy Hour","Tuesday, April 11, 2023 6:00 PM",Past,66,9
OIT Indianapolis | April Mixer,"Wednesday, April 12, 2023 6:00 PM",Past,17,83
Out in Tech Columbus | April Virtual Meet Up,"Thursday, April 13, 2023 6:00 PM",Past,21,29
Detroit Tech Thursdays l Monthly Mixer,"Thursday, April 13, 2023 6:30 PM",Past,12,138
Out in Tech ATX | April Mixer,"Tuesday, April 18, 2023 7:00 PM",Past,149,51
OIT Boston | April Showers Bring Gay Flowers Social,"Wednesday, April 19, 2023 6:00 PM",Past,167,13
OIT DFW Q1 Mixer,"Wednesday, April 19, 2023 6:30 PM",Past,69,6
OIT Houston | Path to Belonging: Building an Effective DEIB Program-Virtual,"Thursday, April 20, 2023 1:00 PM",Past,64,236
Out in Tech #uiux: XHIBIT - Demos. Drinks. Happy Hour. (Apr 2023),"Thursday, April 20, 2023 8:00 PM",Past,101,24
Out in Tech | Career Talks ✨,"Friday, April 21, 2023 1:00 PM",Past,1596,1404
OIT Seattle | Post-Brunch Board Games,"Sunday, April 23, 2023 1:00 PM",Past,42,33
"Out in Tech x Upstate LGBT Chamber | Networking event in Greenville, SC","Monday, April 24, 2023 6:00 PM",Past,27,73
Building Wealth Through a Queer Lens,"Tuesday, April 25, 2023 4:00 PM",Past,1850,650
OIT Denver | April Happy Hour @ Goldspot Brewing,"Tuesday, April 25, 2023 6:00 PM",Past,32,1968
Out in Tech - Bunny Hopping: Virtual Speed Networking,"Wednesday, April 26, 2023 8:00 PM",Past,109,16
Out in Tech U | An Evening With... Fintech Professionals,"Thursday, April 27, 2023 5:00 PM",Past,1,299
Adobe &amp; Out in Tech: Get Back to Werk,"Thursday, April 27, 2023 5:30 PM",Past,67,3
Out in Tech Atlanta Sun-sational Social,"Thursday, April 27, 2023 6:30 PM",Past,64,16
Out in Tech LA | Queer Womxn in Tech Networking,"Thursday, April 27, 2023 7:00 PM",Past,84,41
Out in Tech Trans &amp; Non-Binary Committee | Fun &amp; Games Virtual Social,"Thursday, April 27, 2023 9:00 PM",Past,154,1846
Out in Tech PDX | May Mixer,"Wednesday, May 3, 2023 6:00 PM",Past,78,232
Out in Tech NYC | Women &amp; TGX Social at Henrietta Hudson with Open Finance,"Thursday, May 4, 2023 6:30 PM",Past,213,87
OIT Philadelphia | Philly Tech Week Mixer,"Monday, May 8, 2023 6:30 PM",Past,139,11
UX Night | Mindfulness as a QTBIPOC Creative,"Tuesday, May 9, 2023 7:00 PM",Past,267,1733
Out in Tech San Francisco | Spring Happy Hour @ The Lookout,"Wednesday, May 10, 2023 5:30 PM",Past,260,40
"OIT Seattle | May Women, Transgender, &amp; Nonbinary Happy Hour","Wednesday, May 10, 2023 5:30 PM",Past,40,60
Out in Tech Ireland | Virtual Speed Networking,"Thursday, May 11, 2023 1:00 PM",Past,27,1973
Out in Tech LA | Mental Health Matters x GoodRx,"Thursday, May 11, 2023 6:00 PM",Past,159,41
Out in Tech Detroit l  May Monthly Mixer,"Thursday, May 11, 2023 6:30 PM",Past,14,26
Over-40 Film Fest,"Tuesday, May 16, 2023 5:00 PM",Past,87,163
Out in Tech DC | An Evening with AI,"Tuesday, May 16, 2023 6:30 PM",Past,148,102
Out in Tech Austin | May Mixer,"Tuesday, May 16, 2023 7:00 PM",Past,89,111
Out in Tech NYC x Ash Wellness Spring Social,"Wednesday, May 17, 2023 6:30 PM",Past,254,-4
Out in Tech UI/UX: XHIBIT - Demos. Drinks. Happy Hour. (May 2023),"Thursday, May 18, 2023 8:00 PM",Past,89,36
"Sweetbee x Out in Tech NYC  HH | LGBTQ+ (Let's Get Buzzy Together, Queens+)","Friday, May 19, 2023 6:00 PM",Past,53,-2
OIT Indianapolis | May Social,"Saturday, May 20, 2023 2:00 PM",Past,10,90
OIT Toronto | May Meetup!,"Wednesday, May 24, 2023 6:00 PM",Past,32,168
Out in Tech Houston | Virtual Meet-Up,Repeating Event,Past,0,150
Out in Tech #Talent-Acquisition: Virtual Happy Hour,"Wednesday, May 24, 2023 8:00 PM",Past,92,33
Out in Tech QTBIPOC | Sips &amp; Socialize: A Community Gathering,"Thursday, May 25, 2023 5:00 PM",Past,92,1908
Cleo's x Out In Tech | Get Knit with Us,"Thursday, May 25, 2023 6:00 PM",Past,14,0
OIT Seattle | Welcome Summer Picnic,"Friday, May 26, 2023 3:00 PM",Past,91,9
OIT Denver | May Happy Hour @ Town Hall Collaborative,"Tuesday, May 30, 2023 6:00 PM",Past,68,1932
Out in Tech Indianapolis | May Virtual Meet Up,"Wednesday, May 31, 2023 6:00 PM",Past,12,38
Out in Tech Pride,"Thursday, June 1, 2023 4:00 PM",Past,1745,755
Out In Tech | Columbus presents Pride Watch Party hosted by Upstart,"Thursday, June 1, 2023 4:00 PM",Past,15,15
OIT Seattle | Pride Kickoff Happy Hour,"Thursday, June 1, 2023 5:00 PM",Past,97,203
Out in Tech Phoenix | Intro to Object Oriented UX Virtual Workshop,"Friday, June 2, 2023 12:00 PM",Past,96,1904
OIT Tulsa | Pride Party at Aaru Entertainment,"Friday, June 2, 2023 5:30 PM",Past,38,12
OIT San Diego | Cowles Mountain Pride Month Hike,"Saturday, June 3, 2023 10:00 AM",Past,7,28
OIT NYC | Women &amp; TGX Social: Ultimatum Queer Love Finale Watch Party,"Wednesday, June 7, 2023 6:00 PM",Past,153,87
OIT PDX | June Mixer,"Wednesday, June 7, 2023 6:00 PM",Past,50,1960
Out in Tech Detroit l Pride Monthly Mixer,"Thursday, June 8, 2023 6:30 PM",Past,40,10
Out in Tech Houston | June Mixer: Pride Edition,"Thursday, June 8, 2023 6:30 PM",Past,36,164
OIT DFW June Mixer + Fluid Fridays,"Friday, June 9, 2023 6:30 PM",Past,24,76
Out in Tech San Francisco | Pride Mixer &amp; Panel @ Equinix,"Wednesday, June 14, 2023 4:00 PM",Past,60,0
"Out in Tech Seattle | June Women, Transgender, &amp; Nonbinary Happy Hour","Wednesday, June 14, 2023 5:30 PM",Past,21,79
Out in Tech Indianapolis | June Crafts &amp; Social,"Wednesday, June 14, 2023 6:30 PM",Past,24,6
Out in Tech Boston | Pride Mixer,"Thursday, June 15, 2023 6:00 PM",Past,250,0
Out in Tech Charleston | Mixer @ Digital Corridor,"Thursday, June 15, 2023 6:00 PM",Past,33,16
Out in Tech Melbourne | AI Uncovered (with Deep Tech Melbourne),"Thursday, June 15, 2023 6:00 PM",Past,73,7
Out in Tech UI/UX | Pride Party (Virtual),"Thursday, June 15, 2023 8:00 PM",Past,80,45
Out in Tech ATL | Juneteenth + Pride Farmers Market Takeover,"Sunday, June 18, 2023 10:00 AM",Past,33,47
Out in Tech ATX | June Mixer,"Tuesday, June 20, 2023 7:00 PM",Past,97,103
Out in Tech  NY | NOT LOOKING: THE SERIES Screening,"Wednesday, June 21, 2023 5:00 PM",Past,150,0
Out in Tech Charlotte | Monthly Mixer,"Wednesday, June 21, 2023 6:30 PM",Past,21,179
Out in Tech London | Relaunch Social @ SoHo Residence,"Wednesday, June 21, 2023 7:00 PM",Past,279,171
Out in Tech Philadelphia | Pride Night Fireside Chat,"Thursday, June 22, 2023 5:00 PM",Past,71,9
Out in Tech Denver | An Empowered You,"Thursday, June 22, 2023 5:30 PM",Past,26,124
Out in Tech Ireland | LGBTQ+ 101: Allyship in the Workplace,"Thursday, June 22, 2023 7:00 PM",Past,18,482
Out in Tech ATX | Queer in Tech Lunch + Learn Panel,"Friday, June 23, 2023 11:30 AM",Past,74,86
Out in Tech Chicago | Chicago Pride Parade,"Sunday, June 25, 2023 11:00 AM",Past,69,6
Out in Tech ATX | Trans Joy = Resistance,"Tuesday, June 27, 2023 6:00 PM",Past,73,77
Out in Tech Denver | June Happy Hour @ Town Hall Collaborative,"Tuesday, June 27, 2023 6:00 PM",Past,32,1968
Out in Tech TGX | A Virtual Panel on Trans Joy,"Tuesday, June 27, 2023 8:00 PM",Past,60,2440
Out in Tech San Francisco | Virtual Bay Area Mixer,"Wednesday, June 28, 2023 5:00 PM",Past,74,51
Out in Tech NY | Pride in Tech,"Wednesday, June 28, 2023 5:30 PM",Past,346,154
Out in Tech Phoenix | Pride Mixer,"Wednesday, June 28, 2023 6:00 PM",Past,36,14
Celebrating Queer Creatives: Our Presence in Tech &amp; Creative Industries,"Wednesday, June 28, 2023 6:00 PM",Past,31,169
Out in Tech Boston | Drag me to Analog Devices,"Wednesday, June 28, 2023 6:30 PM",Past,131,119
Out in Tech San Francisco | PRIDE Rooftop Social @,"Thursday, June 29, 2023 4:00 PM",Past,330,-30
Out in Tech LA | Pride Social at Or Bar,"Thursday, June 29, 2023 7:00 PM",Past,150,0
Out in Tech | Your Emergency Contact Has Experienced an Emergency,"Thursday, June 29, 2023 8:00 PM",Past,28,72
"Out in Tech San Francisco | Social @ The Academy, LGBTQ Social Club","Thursday, July 6, 2023 6:15 PM",Past,182,0
"Out in Tech Seattle | July Women, Transgender, &amp; Nonbinary Happy Hour","Wednesday, July 12, 2023 5:30 PM",Past,37,63
Out in Tech PDX | July Mixer,"Wednesday, July 12, 2023 6:00 PM",Past,71,139
Out in Tech Detroit l  July Monthly Mixer,"Thursday, July 13, 2023 6:30 PM",Past,34,6
Out in Tech ATX | July Mixer,"Tuesday, July 18, 2023 7:00 PM",Past,83,117
Out in Tech Boston X PA Consulting Networking Mixer,"Wednesday, July 19, 2023 6:00 PM",Past,151,59
Out in Tech NYC | Women &amp; TGX Speed Friending Social at Ginger's Bar,"Wednesday, July 19, 2023 6:30 PM",Past,140,160
Out in Tech Denver | Aug Happy Hour @ Town Hall Collaborative,"Tuesday, August 1, 2023 6:00 PM",Past,7,1993
Out in Tech PDX | August Mixer 08.02.23,"Wednesday, August 2, 2023 6:00 PM",Past,28,178
Out in Tech London | Engaging Your ERG Fireside Chat,"Wednesday, August 2, 2023 7:00 PM",Past,206,394
Out in Tech Miami | Relaunch Mixer,"Thursday, August 3, 2023 6:30 PM",Past,105,-5
Out in Tech Amsterdam I Pride Social 2023,"Friday, August 4, 2023 6:00 PM",Past,147,103
Out in Tech Seattle | OIT OL Reign Day Drink &amp; Game!,"Sunday, August 6, 2023 1:00 PM",Past,15,35
Out in Tech Atlanta | Thriving After Layoffs: Job Interview Workshop,"Tuesday, August 8, 2023 5:00 PM",Past,96,54
"Out in Tech Seattle | August Women, Transgender, &amp; Nonbinary Happy Hour","Wednesday, August 9, 2023 5:30 PM",Past,25,75
Out in Tech NY | Cleo's x Out In Tech | Learn to Crochet!,"Thursday, August 10, 2023 6:00 PM",Past,0,14
Out in Tech Detroit l  August Monthly Mixer,"Thursday, August 10, 2023 6:30 PM",Past,10,30
Out in Tech ATX | August Mixer,"Tuesday, August 15, 2023 7:00 PM",Past,102,98
Out in Tech Indianapolis | August Happy Hour,"Wednesday, August 16, 2023 6:00 PM",Past,17,3
"Out in Tech Charlotte | Pride Mixer, Sponsored by Bank of America","Thursday, August 17, 2023 5:00 PM",Past,91,9
Out in Tech Columbus | Summer Virtual Happy Hour,"Wednesday, August 23, 2023 6:00 PM",Past,19,31
Out in Tech San Francisco | Open Mic Comedy Night,"Thursday, August 24, 2023 5:00 PM",Past,135,165
Out in Tech Tulsa | Summer Mixer,"Thursday, August 24, 2023 6:00 PM",Past,17,83
Out in Tech Dallas-Forth Worth | August Mixer,"Thursday, August 24, 2023 6:30 PM",Past,71,29
#book-club: I Am The Most Dangerous Thing,"Tuesday, August 29, 2023 8:00 PM",Past,21,79
Out in Tech | Career Talks ✨,"Wednesday, August 30, 2023 1:00 PM",Past,2077,923
Out in Tech LA | Womxn in Tech @ The Ruby Fruit,"Thursday, August 31, 2023 6:00 PM",Past,110,20
Out in Tech PDX | September Mixer,"Wednesday, September 6, 2023 6:00 PM",Past,50,150
Out in Tech Columbus | Let's Work Together!,"Thursday, September 7, 2023 9:00 AM",Past,6,44
Out in Tech San Francisco (East Bay) | Happy Hour @ Club 1220,"Tuesday, September 12, 2023 5:00 PM",Past,71,29
Out In Tech New York | Young Leaders Program Social,"Tuesday, September 12, 2023 7:00 PM",Past,246,54
"Out in Tech | The Rainbow Age of Fashion, Gaming, Media &amp; Entertainment","Wednesday, September 13, 2023 2:00 PM",Past,1047,1453
"Out in Tech Seattle | September Women, Transgender, &amp; Nonbinary Happy Hour","Wednesday, September 13, 2023 5:30 PM",Past,40,60
Out in Tech Phoenix Mixer,"Wednesday, September 13, 2023 6:00 PM",Past,39,21
Out in Tech NY | Cleo's x Out In Tech | Crochet you stay!,"Thursday, September 14, 2023 6:00 PM",Past,20,0
Out in Tech Columbus | A Queer Karaoke Party,"Friday, September 15, 2023 9:00 PM",Past,16,134
Out in Tech ATX | September Mixer,"Tuesday, September 19, 2023 7:00 PM",Past,66,134
Out in Tech Over-40 Fall Speed Networking Event,"Tuesday, September 19, 2023 8:00 PM",Past,137,63
Out in Tech DC | Health Tech: The Future Is Now,"Wednesday, September 20, 2023 6:30 PM",Past,59,191
Out in Tech Melbourne | Spring Social Mixer,"Thursday, September 21, 2023 6:00 PM",Past,7,53
Out in Tech Boston | Gecko Robotics Disco Social,"Thursday, September 21, 2023 6:00 PM",Past,120,60
Out in Tech Detroit l  September Monthly Mixer,"Thursday, September 21, 2023 6:30 PM",Past,10,30
Out in Tech Atlanta | ATL Pride Prep Party,"Thursday, September 21, 2023 6:30 PM",Past,41,34
OIT Third Thursday,"Thursday, September 21, 2023 7:00 PM",Past,15,585
Out in Tech QTBIPOC | See Ya Summer + Hey Autumn! Virtual QTBIPOC Cookout,"Tuesday, September 26, 2023 4:30 PM",Past,63,37
Out in Tech San Diego | Torrey Pines Sunset Hike,"Wednesday, September 27, 2023 6:00 PM",Past,23,577
Out in Tech ATX | IBM: AI and the Future Career Ladder,"Thursday, September 28, 2023 6:30 PM",Past,63,87
Out in Tech NYC | Women &amp; TGX Drag King  Show Social at Frankie's Pub,"Thursday, September 28, 2023 7:00 PM",Past,112,188
An Evening with Bloomberg x Out in Tech,"Friday, September 29, 2023 5:30 PM",Past,108,12
Out in Tech UIUX | Over the Rainbow - UX Research Showcase 2023,"Thursday, October 5, 2023 5:00 PM",Past,187,813
Out in Tech Charlotte | CCI Cinema,"Wednesday, October 11, 2023 5:30 PM",Past,8,92
Out in Tech | Leadership Training Institute,"Thursday, October 12, 2023 2:00 PM",Past,1360,3640
Out in Tech DFW Presents: Stereotypes Don't Define Me,"Thursday, October 12, 2023 6:00 PM",Past,53,447
Out in Tech PDX | October Mixer 10.12.23,"Thursday, October 12, 2023 6:00 PM",Past,63,137
Out in Tech Houston | Hispanic Heritage Month Mixer,"Thursday, October 12, 2023 7:00 PM",Past,26,174
Out in Tech Indianapolis | Tech Info Fair,"Tuesday, October 17, 2023 5:00 PM",Past,73,7
Out in Tech ATX | October Mixer,"Tuesday, October 17, 2023 7:00 PM",Past,36,164
Out in Tech UIUX | Fostering Long-Term Mentorships,"Wednesday, October 18, 2023 5:00 PM",Past,104,896
Out in Tech |  Boston October Celebrations with John Hancock,"Wednesday, October 18, 2023 6:00 PM",Past,164,36
Out in Tech LA x Amazon | LGBTQ+ in Entertainment Panel Discussion,"Thursday, October 19, 2023 6:00 PM",Past,241,9
Out in Tech Detroit: Pumpkin Spice Up Your Profile with LinkedIn,"Thursday, October 19, 2023 6:00 PM",Past,28,22
Out in Tech Seattle | Pivot into Tech: A Discussion Panel,"Thursday, October 19, 2023 6:30 PM",Past,48,202
Out in Tech Charlotte | OIT Third Thursdays,"Thursday, October 19, 2023 7:00 PM",Past,16,279
Out in Tech New York | Fall Leaf Hike at Brooklyn Botanic Garden,"Sunday, October 22, 2023 1:00 PM",Past,77,23
Out in Tech New York  | Women &amp; TGX Game Night,"Monday, October 23, 2023 6:30 PM",Past,48,52
Out in Tech Denver | October Happy Hour  @ Town Hall Collaborative,"Tuesday, October 24, 2023 6:00 PM",Past,77,523
Out in Tech Philly | Halloween Craft &amp; Movie Night,"Tuesday, October 24, 2023 6:30 PM",Past,34,266
"Out in Tech SF Bay Area | Women, TGX, &amp; Nonbinary Happy Hour @ El Rio","Wednesday, October 25, 2023 5:00 PM",Past,79,221
Out in Tech Phoenix | Spooktacular Soiree,"Wednesday, October 25, 2023 6:00 PM",Past,36,24
Black History Month: Celebrating Black LGBTQ+ Talent in Tech,"Wednesday, October 25, 2023 6:00 PM",Past,267,2433
Out in Tech Ireland | Launch Party,"Thursday, October 26, 2023 7:00 PM",Past,70,130
Out in Tech NY | Scream Queens: Halloween Social,"Thursday, October 26, 2023 7:00 PM",Past,117,183
Out in Tech Cleveland | Volunteer with OIT Cleveland at the Kids' Book Bank,"Saturday, October 28, 2023 1:00 PM",Past,8,12
Out in Tech | Career Talks ✨,"Thursday, November 2, 2023 1:00 PM",Past,1172,1828
Out in Tech Miami | November Mixer,"Thursday, November 2, 2023 6:30 PM",Past,98,2
Out In Tech Atlanta | Sweater Weather Social,"Sunday, November 5, 2023 10:00 AM",Past,26,274
Out in Tech Los Angeles @ Google,"Wednesday, November 8, 2023 6:00 PM",Past,229,21
Out in Tech Phoenix November Social,"Wednesday, November 8, 2023 6:00 PM",Past,32,3
Out in Tech Columbus | Celebrating Diversity: A Year-End Queer Extravaganza,"Thursday, November 9, 2023 6:00 PM",Past,34,16
Out in Tech Boston | Jellyfish Social,"Thursday, November 9, 2023 6:00 PM",Past,100,300
Out in Tech PDX | November Mixer,"Thursday, November 9, 2023 6:00 PM",Past,55,145
Out in Tech Pittsburgh | Kickoff Happy Hour,"Friday, November 10, 2023 4:00 PM",Past,99,1
Out in Tech Dallas-Forth Worth | November Mixer,"Thursday, November 16, 2023 6:30 PM",Past,73,2
Out in Tech Phoenix Movie Night,"Thursday, November 16, 2023 7:00 PM",Past,14,26
Out in Tech Charlotte | OIT Third Thursdays,"Thursday, November 16, 2023 7:00 PM",Past,3,97
Out in Tech Virtual Leadership Summit,"Friday, November 17, 2023 11:00 AM",Past,111,489
Out in Tech Austin | Picnic in the Park,"Saturday, November 18, 2023 12:00 PM",Past,40,60
Out in Tech Austin | November Mixer,"Tuesday, November 21, 2023 7:00 PM",Past,67,133
"Trans Experience: Past, Present &amp; Future","Wednesday, November 22, 2023 6:00 PM",Past,69,81
Out in Tech | Queering the Future 2.0,"Wednesday, November 29, 2023 3:00 PM",Past,1674,826
Out in Tech Atlanta | Belonging in the Workplace Panel + Networking Event,"Thursday, November 30, 2023 5:30 PM",Past,96,4
Out in Tech NY: Parent's Night Out,"Tuesday, December 5, 2023 6:30 PM",Past,57,43
Qorporate Roundtable: Leaders Like Us,"Wednesday, December 6, 2023 12:00 PM",Past,54,246
Out in Tech PDX | December Mixer,"Wednesday, December 6, 2023 6:00 PM",Past,56,144
Out in Tech Houston | Women and TGX Mixer,"Thursday, December 7, 2023 7:00 PM",Past,22,178
OIT QTBIPOC | Black Beauty Effect Watch Party + Discussion,"Wednesday, December 13, 2023 4:00 PM",Past,54,46
Out in Tech Detroit l  Networking &amp; Drag Queen Trivia,"Wednesday, December 13, 2023 5:00 PM",Past,12,28
Out in Tech Pittsburgh  l  End of Year Happy Hour,"Thursday, December 14, 2023 7:00 PM",Past,25,75
An Evening with Bloomberg x Out in Tech,"Friday, December 15, 2023 5:30 PM",Past,120,0
Out in Tech NY: Holiday Social,"Monday, December 18, 2023 6:30 PM",Past,248,2
Out in Tech Austin | December Mixer,"Tuesday, December 19, 2023 7:00 PM",Past,34,166
Author Talk: He/She/They with Schuyler Bailar,"Tuesday, December 19, 2023 8:00 PM",Past,89,11
Out in Tech Charlotte | OIT Third Thursdays Series Finale,"Thursday, December 21, 2023 7:00 PM",Past,11,89
Out in Tech Over-40 Year-End Networking Hour,"Thursday, December 28, 2023 8:00 PM",Past,141,109
OIT [Workshop] Build Automation On Your Favorite Web Apps,"Wednesday, January 10, 2024 2:00 PM",Past,84,16
Out in Tech PDX | January Mixer,"Thursday, January 11, 2024 6:00 PM",Past,57,143
Out in Tech NY: Women &amp; TGX Mean Girls Movie Outing,"Tuesday, January 16, 2024 6:30 PM",Past,95,105
Out in Tech Atlanta | Pay Negotiation Workshop,"Monday, January 22, 2024 6:00 PM",Past,126,74
Another Zapier Test,"Monday, January 22, 2024 7:00 PM",Past,3,22
Out in Tech Austin | January 2024 Mixer,"Tuesday, January 23, 2024 7:00 PM",Past,95,105
Author Talk: Surviving Change at Work by Vanessa Gennarelli,"Tuesday, January 23, 2024 8:00 PM",Past,75,25
Out In Tech Indianapolis | 2024 Kickoff Social,"Wednesday, January 24, 2024 6:00 PM",Past,11,14
Out in Tech NY:  Breaking Barriers: LGBTQ+ Professional Orgs Panel &amp; Mixer,"Thursday, January 25, 2024 6:30 PM",Past,300,0
Out in Tech Dallas-Forth Worth | January Mixer,"Thursday, January 25, 2024 7:00 PM",Past,68,-3
"OIT NY | Trans, TGX &amp; Nonbinary Event: Building a Dating Ecosystem","Tuesday, January 30, 2024 6:30 PM",Past,57,93
Out in Tech Philly | Drag Quizzo Night!,"Wednesday, January 31, 2024 6:00 PM",Past,0,100
Out in Tech NY: Exploring Careers in Tech at Brainstation,"Wednesday, January 31, 2024 6:30 PM",Past,250,0
OIT Boston | A night with Sallie Mae at Club Cafe (21+),"Thursday, February 1, 2024 6:00 PM",Past,174,126
Out in Tech | Career Talks ✨,"Wednesday, February 7, 2024 1:00 PM",Past,1765,1235
OIT Seattle | 2024 Kickoff,"Wednesday, February 7, 2024 6:00 PM",Past,74,76
Out in Tech PDX | February Mixer,"Wednesday, February 7, 2024 6:00 PM",Past,44,156
OIT Pittsburgh  l  Speed Networking  V-Day Extravaganza,"Tuesday, February 13, 2024 5:00 PM",Past,79,1
Out In Tech Indianapolis | (Not so) Straight Shooting: Town Hall Event,"Thursday, February 15, 2024 6:00 PM",Past,10,40
"OIT NY | Trans, TGX &amp; Nonbinary Event: Building a Dating Ecosystem","Tuesday, February 20, 2024 6:30 PM",Past,57,93
Out in Tech Austin | February Mixer,"Tuesday, February 20, 2024 7:00 PM",Past,52,148
Speed Friending! by OIT Tulsa,"Wednesday, February 21, 2024 6:00 PM",Past,21,79
Out in Tech Bay Area | South Bay | 2024 Kickoff Mixer,"Thursday, February 22, 2024 4:00 PM",Past,73,2
Out in Tech Denver | February Happy Hour,"Tuesday, February 27, 2024 6:00 PM",Past,50,150
"Qorporate Roundtable | ERGs and the 3 Ps: People, Progress, and Profit","Wednesday, February 28, 2024 12:00 PM",Past,30,220
LA Money Talks &amp; Networking,"Wednesday, February 28, 2024 6:00 PM",Past,105,-5
Out in Tech Miami’s 2024 Kick Off,"Wednesday, February 28, 2024 6:30 PM",Past,58,42
Out in Tech Bay Area | Using GenAI in UI/UX | Virtual Panel,"Thursday, February 29, 2024 12:00 PM",Past,235,65
Out in Tech Dallas-Forth Worth | February Mixer,"Thursday, February 29, 2024 7:00 PM",Past,64,11
Out in Tech PDX | March Mixer,"Wednesday, March 6, 2024 6:00 PM",Past,65,135
Out in Tech Bay Area | SF Happy Hour @ The Academy,"Thursday, March 7, 2024 5:00 PM",Past,375,0
Out in Tech San Diego | Penasquitos Falls Hike,"Saturday, March 9, 2024 10:30 AM",Past,14,21
Out in Tech Atlanta | Coworking &amp; Community Virtual Event,"Monday, March 11, 2024 12:00 PM",Past,34,66
Out In Tech NY Women &amp; TGX Event Series |  Love Lies Bleeding Movie Outing,"Tuesday, March 12, 2024 6:00 PM",Past,150,0
#book-club Author Talk: Don't Want You Like a Best Friend,"Tuesday, March 12, 2024 8:00 PM",Past,36,64
Out in Tech Detroit l  Navigating Careers in Tech,"Wednesday, March 13, 2024 6:00 PM",Past,50,0
Queer Women of Color: Paths to Power,"Wednesday, March 20, 2024 3:00 PM",Past,1039,1461
OIT QTBIPOC | Queer Women of Color Follow-up Forum,"Wednesday, March 20, 2024 5:00 PM",Past,92,8
Out in Tech Bay Area | East Bay Social @ White Horse,"Wednesday, March 20, 2024 6:00 PM",Past,193,107
Out in Tech Phoenix March Social,"Wednesday, March 20, 2024 6:00 PM",Past,31,19
Out In Tech NY x Gay Wine Cub | Parent’s Night Out: Wine Tasting,"Wednesday, March 20, 2024 6:30 PM",Past,34,1
Out In Tech Indianapolis | Femme Forward,"Thursday, March 21, 2024 6:30 PM",Past,31,969
Out in Tech Dallas-Forth Worth | Community &amp; Conversation,"Thursday, March 21, 2024 7:00 PM",Past,26,4
OIT Seattle | Tacoma Meetup,"Friday, March 22, 2024 4:00 PM",Past,16,134
Out in Tech NY: Spring Walk at Central Park,"Sunday, March 24, 2024 11:00 AM",Past,98,2
Out in Tech Amsterdam | AI for Good: Myth or Reality?,"Monday, March 25, 2024 6:00 PM",Past,125,25
Out in Tech Denver | March Mixer,"Tuesday, March 26, 2024 6:00 PM",Past,55,145
Out in Tech Atlanta | Spring Social at Red's Beer Garden,"Thursday, March 28, 2024 6:30 PM",Past,99,1
OIT TGX | Transgender Visibility Connect+,"Thursday, March 28, 2024 7:00 PM",Past,213,37
Celebrating Transgender Day of Visibility with Out in Tech,"Thursday, March 28, 2024 8:00 PM",Past,25,25
"Out in Tech Dallas-Forth Worth | Discover, Capture, and Connect","Saturday, March 30, 2024 12:00 PM",Past,27,3
OIT Pittsburgh  l  Speaker Series - From Margins to Mainstream,"Wednesday, April 3, 2024 5:30 PM",Past,45,55
Out in Tech Philly | Drag Quizzo Night!,"Wednesday, April 3, 2024 6:00 PM",Past,51,49
Out in Tech PDX | April Mixer,"Wednesday, April 3, 2024 6:00 PM",Past,33,217
Spring Forward: Over-40 Tech Social,"Wednesday, April 3, 2024 8:00 PM",Past,149,151
Out in Tech Phoenix AIDS Walk &amp; Four Peaks Brewing Company,"Saturday, April 6, 2024 9:00 AM",Past,8,92
Out In Tech NY | Pokemon Go Community Day Social,"Sunday, April 7, 2024 2:00 PM",Past,32,68
Out in Tech SF Bay Area | North Bay Kick-Off Social @ Pond Farm Brewing Co.,"Wednesday, April 10, 2024 4:30 PM",Past,35,45
Out in Tech UIUX | Navigating Roles with Low UX Maturity (Virtual),"Thursday, April 11, 2024 5:00 PM",Past,313,37
Out in Tech Austin | April Mixer,"Tuesday, April 16, 2024 7:00 PM",Past,52,148
Out in Tech | Leadership Forum,"Wednesday, April 17, 2024 4:00 PM",Past,896,1104
Out in Tech x Macy's: Retail Trend Alert for the LGBTQ+ Community,"Wednesday, April 17, 2024 5:30 PM",Past,72,18
Out in Tech UTD x Samsung | Career Workshops,"Thursday, April 18, 2024 4:00 PM",Past,2,23
Out in Tech Charlotte | Quarterly Third Thursday,"Thursday, April 18, 2024 7:00 PM",Past,40,60
Out in Tech Dallas-Forth Worth | April Mixer,"Thursday, April 18, 2024 7:00 PM",Past,39,1
OIT Indianapolis | Volunteer together at a community farm!,"Saturday, April 20, 2024 11:00 AM",Past,7,18
Rock Your Profile &amp; Post With Pride | Hosted at LinkedIn,"Wednesday, April 24, 2024 6:00 PM",Past,51,0
Out In Tech NY | Spring Social with Betterment,"Wednesday, April 24, 2024 6:30 PM",Past,253,-3
Out in Tech Miami AI Workshop &amp; April Mixer,"Wednesday, April 24, 2024 6:30 PM",Past,100,0
Out in Tech Boston| AI Ethics and Algorithmic Bias,"Thursday, April 25, 2024 5:30 PM",Past,179,26
Out in Tech Boston| AI Ethics and Algorithmic Bias,"Thursday, April 25, 2024 5:30 PM",Past,66,4
Out in Tech LA | Queer Women of Color Networking Event,"Thursday, April 25, 2024 7:00 PM",Past,108,32
Out in Tech | Career Talks ✨,"Friday, April 26, 2024 1:00 PM",Past,1538,1462
OIT Seattle | Career Speed Dating Part 1: Envision Your Advancement,"Friday, April 26, 2024 6:00 PM",Past,15,85
Out in Tech SEA | Working #OutHere,"Wednesday, June 26, 2019 6:00 PM",Canceled,0,275
Out in Tech Miami | Tech-nically Dating,"Tuesday, February 25, 2020 7:00 PM",Canceled,0,310
Out in Tech U |(Net)Work it!,"Tuesday, March 10, 2020 5:30 PM",Canceled,0,250
Out in Tech Columbus | Karaoke at O'Connors Club 20,"Friday, May 12, 2023 8:00 PM",Canceled,0,100
